Month_val,Amount_val,@SOURCE_FILENAME,@RECORDID,@ROWID,@PARENTROWID,@PARENT
"2010-12","800","2013-BASE_PROCUREMENT-2013-DEFENSE_CBDP-JustificationBook_Chemical_and_Biological_Defense_Program_PB_2013.zzz_unzipped-JustificationBook_Chemical_and_Biological_Defense_Program_PB_2013.xml","44176a3b5f929933fa29f988a86df488aaa195b200a378d544132404a2eeb5bb","0-23bbf7c8483d4341b2ae0f40467a83164e49010d2dd5873611ff6546a1c35e09","0-0783c8aeffaac752c6ad6fcfb8b676a95fd6f947507ab5abc0908b93c5d9ef46","root.record.ItemExhibitList.P5Item.CostElementCategoryList.Software.Recurring.CostElementList.CostElement.ManufacturerList.Manufacturer.HistoryPlanningList.HistoryPlanning"
"2011-01","800","2013-BASE_PROCUREMENT-2013-DEFENSE_CBDP-JustificationBook_Chemical_and_Biological_Defense_Program_PB_2013.zzz_unzipped-JustificationBook_Chemical_and_Biological_Defense_Program_PB_2013.xml","44176a3b5f929933fa29f988a86df488aaa195b200a378d544132404a2eeb5bb","1-0853514b976bbbe1af5455bc114b3c0436dd92a6589054de7e8635efbf93b72d","0-0783c8aeffaac752c6ad6fcfb8b676a95fd6f947507ab5abc0908b93c5d9ef46","root.record.ItemExhibitList.P5Item.CostElementCategoryList.Software.Recurring.CostElementList.CostElement.ManufacturerList.Manufacturer.HistoryPlanningList.HistoryPlanning"
"2011-02","800","2013-BASE_PROCUREMENT-2013-DEFENSE_CBDP-JustificationBook_Chemical_and_Biological_Defense_Program_PB_2013.zzz_unzipped-JustificationBook_Chemical_and_Biological_Defense_Program_PB_2013.xml","44176a3b5f929933fa29f988a86df488aaa195b200a378d544132404a2eeb5bb","2-f57546d3705a12cf317460a5acf08815b0e41372c1adae8d990bb8407381bacb","0-0783c8aeffaac752c6ad6fcfb8b676a95fd6f947507ab5abc0908b93c5d9ef46","root.record.ItemExhibitList.P5Item.CostElementCategoryList.Software.Recurring.CostElementList.CostElement.ManufacturerList.Manufacturer.HistoryPlanningList.HistoryPlanning"
"2011-03","800","2013-BASE_PROCUREMENT-2013-DEFENSE_CBDP-JustificationBook_Chemical_and_Biological_Defense_Program_PB_2013.zzz_unzipped-JustificationBook_Chemical_and_Biological_Defense_Program_PB_2013.xml","44176a3b5f929933fa29f988a86df488aaa195b200a378d544132404a2eeb5bb","3-979de378ddb97999d26789ed69839991a531d8bcedc9e7ef80775872d4120d94","0-0783c8aeffaac752c6ad6fcfb8b676a95fd6f947507ab5abc0908b93c5d9ef46","root.record.ItemExhibitList.P5Item.CostElementCategoryList.Software.Recurring.CostElementList.CostElement.ManufacturerList.Manufacturer.HistoryPlanningList.HistoryPlanning"
"2011-04","800","2013-BASE_PROCUREMENT-2013-DEFENSE_CBDP-JustificationBook_Chemical_and_Biological_Defense_Program_PB_2013.zzz_unzipped-JustificationBook_Chemical_and_Biological_Defense_Program_PB_2013.xml","44176a3b5f929933fa29f988a86df488aaa195b200a378d544132404a2eeb5bb","4-8f31ee0b90386028f2e83a808c0b6695d143310f5fde9a8a2617d060a62d621f","0-0783c8aeffaac752c6ad6fcfb8b676a95fd6f947507ab5abc0908b93c5d9ef46","root.record.ItemExhibitList.P5Item.CostElementCategoryList.Software.Recurring.CostElementList.CostElement.ManufacturerList.Manufacturer.HistoryPlanningList.HistoryPlanning"
"2011-09","800","2013-BASE_PROCUREMENT-2013-DEFENSE_CBDP-JustificationBook_Chemical_and_Biological_Defense_Program_PB_2013.zzz_unzipped-JustificationBook_Chemical_and_Biological_Defense_Program_PB_2013.xml","44176a3b5f929933fa29f988a86df488aaa195b200a378d544132404a2eeb5bb","0-053d4df576144ef74df5b36d9caa8992ca2fe0dedf5af0d21bfae7ac863ccc97","1-9b9b00c52198d82aea8ef0a7d7ff97f6218d1ed38885d128103473d53742e47f","root.record.ItemExhibitList.P5Item.CostElementCategoryList.Software.Recurring.CostElementList.CostElement.ManufacturerList.Manufacturer.HistoryPlanningList.HistoryPlanning"
"2011-10","800","2013-BASE_PROCUREMENT-2013-DEFENSE_CBDP-JustificationBook_Chemical_and_Biological_Defense_Program_PB_2013.zzz_unzipped-JustificationBook_Chemical_and_Biological_Defense_Program_PB_2013.xml","44176a3b5f929933fa29f988a86df488aaa195b200a378d544132404a2eeb5bb","1-370c9c626caa4bfffeb0aa4616ff4004f08ff34286cec2c456b175f998457bc2","1-9b9b00c52198d82aea8ef0a7d7ff97f6218d1ed38885d128103473d53742e47f","root.record.ItemExhibitList.P5Item.CostElementCategoryList.Software.Recurring.CostElementList.CostElement.ManufacturerList.Manufacturer.HistoryPlanningList.HistoryPlanning"
"2011-11","800","2013-BASE_PROCUREMENT-2013-DEFENSE_CBDP-JustificationBook_Chemical_and_Biological_Defense_Program_PB_2013.zzz_unzipped-JustificationBook_Chemical_and_Biological_Defense_Program_PB_2013.xml","44176a3b5f929933fa29f988a86df488aaa195b200a378d544132404a2eeb5bb","2-c3d22b4f3727a5f79dc2c9a64b9857200ddbbde476b31aa77df3a7adbad6788c","1-9b9b00c52198d82aea8ef0a7d7ff97f6218d1ed38885d128103473d53742e47f","root.record.ItemExhibitList.P5Item.CostElementCategoryList.Software.Recurring.CostElementList.CostElement.ManufacturerList.Manufacturer.HistoryPlanningList.HistoryPlanning"
"2011-12","800","2013-BASE_PROCUREMENT-2013-DEFENSE_CBDP-JustificationBook_Chemical_and_Biological_Defense_Program_PB_2013.zzz_unzipped-JustificationBook_Chemical_and_Biological_Defense_Program_PB_2013.xml","44176a3b5f929933fa29f988a86df488aaa195b200a378d544132404a2eeb5bb","3-9067d03c3772f773dec6ec7651ceae01ed4615b7f46dbb1ab5a1c9880827c7b1","1-9b9b00c52198d82aea8ef0a7d7ff97f6218d1ed38885d128103473d53742e47f","root.record.ItemExhibitList.P5Item.CostElementCategoryList.Software.Recurring.CostElementList.CostElement.ManufacturerList.Manufacturer.HistoryPlanningList.HistoryPlanning"
"2012-01","800","2013-BASE_PROCUREMENT-2013-DEFENSE_CBDP-JustificationBook_Chemical_and_Biological_Defense_Program_PB_2013.zzz_unzipped-JustificationBook_Chemical_and_Biological_Defense_Program_PB_2013.xml","44176a3b5f929933fa29f988a86df488aaa195b200a378d544132404a2eeb5bb","4-011a40e8b426e6e6c069b494752a71c8f20c0d6b738686d165d1bba9a398bee9","1-9b9b00c52198d82aea8ef0a7d7ff97f6218d1ed38885d128103473d53742e47f","root.record.ItemExhibitList.P5Item.CostElementCategoryList.Software.Recurring.CostElementList.CostElement.ManufacturerList.Manufacturer.HistoryPlanningList.HistoryPlanning"
"2012-05","1000","2013-BASE_PROCUREMENT-2013-DEFENSE_CBDP-JustificationBook_Chemical_and_Biological_Defense_Program_PB_2013.zzz_unzipped-JustificationBook_Chemical_and_Biological_Defense_Program_PB_2013.xml","44176a3b5f929933fa29f988a86df488aaa195b200a378d544132404a2eeb5bb","0-17f4a3560c71e2f40dcfc5c4524e51249e85439f73d8e0cfb9fc0803786a4b4c","2-1d47f1bb960d4f54f74ec80d7e2b112ce5167cabd9ce0e855a5ca9a5a78a3df0","root.record.ItemExhibitList.P5Item.CostElementCategoryList.Software.Recurring.CostElementList.CostElement.ManufacturerList.Manufacturer.HistoryPlanningList.HistoryPlanning"
"2012-06","1000","2013-BASE_PROCUREMENT-2013-DEFENSE_CBDP-JustificationBook_Chemical_and_Biological_Defense_Program_PB_2013.zzz_unzipped-JustificationBook_Chemical_and_Biological_Defense_Program_PB_2013.xml","44176a3b5f929933fa29f988a86df488aaa195b200a378d544132404a2eeb5bb","1-3786e3ef87e0e88d4c2234f157ac18e628ae1a4e0ec84777f400d5c7b0bad9ec","2-1d47f1bb960d4f54f74ec80d7e2b112ce5167cabd9ce0e855a5ca9a5a78a3df0","root.record.ItemExhibitList.P5Item.CostElementCategoryList.Software.Recurring.CostElementList.CostElement.ManufacturerList.Manufacturer.HistoryPlanningList.HistoryPlanning"
"2012-07","1000","2013-BASE_PROCUREMENT-2013-DEFENSE_CBDP-JustificationBook_Chemical_and_Biological_Defense_Program_PB_2013.zzz_unzipped-JustificationBook_Chemical_and_Biological_Defense_Program_PB_2013.xml","44176a3b5f929933fa29f988a86df488aaa195b200a378d544132404a2eeb5bb","2-0d1ec7a68f9d4268b89f668f3c2824a005ad083c05ab8ff1ffc25a446ab91402","2-1d47f1bb960d4f54f74ec80d7e2b112ce5167cabd9ce0e855a5ca9a5a78a3df0","root.record.ItemExhibitList.P5Item.CostElementCategoryList.Software.Recurring.CostElementList.CostElement.ManufacturerList.Manufacturer.HistoryPlanningList.HistoryPlanning"
"2012-08","1000","2013-BASE_PROCUREMENT-2013-DEFENSE_CBDP-JustificationBook_Chemical_and_Biological_Defense_Program_PB_2013.zzz_unzipped-JustificationBook_Chemical_and_Biological_Defense_Program_PB_2013.xml","44176a3b5f929933fa29f988a86df488aaa195b200a378d544132404a2eeb5bb","3-6fef31fe150175a4e139090a25417a3971264128e0951dd40f6c49be91bd1f22","2-1d47f1bb960d4f54f74ec80d7e2b112ce5167cabd9ce0e855a5ca9a5a78a3df0","root.record.ItemExhibitList.P5Item.CostElementCategoryList.Software.Recurring.CostElementList.CostElement.ManufacturerList.Manufacturer.HistoryPlanningList.HistoryPlanning"
"2012-09","1000","2013-BASE_PROCUREMENT-2013-DEFENSE_CBDP-JustificationBook_Chemical_and_Biological_Defense_Program_PB_2013.zzz_unzipped-JustificationBook_Chemical_and_Biological_Defense_Program_PB_2013.xml","44176a3b5f929933fa29f988a86df488aaa195b200a378d544132404a2eeb5bb","4-d54e6b74cc994b0467eeec3b8c618f0c4014d8124bae7c82d042c1db78572b62","2-1d47f1bb960d4f54f74ec80d7e2b112ce5167cabd9ce0e855a5ca9a5a78a3df0","root.record.ItemExhibitList.P5Item.CostElementCategoryList.Software.Recurring.CostElementList.CostElement.ManufacturerList.Manufacturer.HistoryPlanningList.HistoryPlanning"
"2013-03","1000","2013-BASE_PROCUREMENT-2013-DEFENSE_CBDP-JustificationBook_Chemical_and_Biological_Defense_Program_PB_2013.zzz_unzipped-JustificationBook_Chemical_and_Biological_Defense_Program_PB_2013.xml","44176a3b5f929933fa29f988a86df488aaa195b200a378d544132404a2eeb5bb","0-644056459acd4cd4727eb283827d979b0cd09b203fb46653c179f22a3015f1d0","3-704cddd17cc816f115b28a1e3e540167d56d452766a3db55c65fe08bf2407ad7","root.record.ItemExhibitList.P5Item.CostElementCategoryList.Software.Recurring.CostElementList.CostElement.ManufacturerList.Manufacturer.HistoryPlanningList.HistoryPlanning"
"2013-04","1000","2013-BASE_PROCUREMENT-2013-DEFENSE_CBDP-JustificationBook_Chemical_and_Biological_Defense_Program_PB_2013.zzz_unzipped-JustificationBook_Chemical_and_Biological_Defense_Program_PB_2013.xml","44176a3b5f929933fa29f988a86df488aaa195b200a378d544132404a2eeb5bb","1-a8b043cf710b407ef555eebd88957c97c2f13f731e77f3aaa517909b853b5594","3-704cddd17cc816f115b28a1e3e540167d56d452766a3db55c65fe08bf2407ad7","root.record.ItemExhibitList.P5Item.CostElementCategoryList.Software.Recurring.CostElementList.CostElement.ManufacturerList.Manufacturer.HistoryPlanningList.HistoryPlanning"
"2013-05","1000","2013-BASE_PROCUREMENT-2013-DEFENSE_CBDP-JustificationBook_Chemical_and_Biological_Defense_Program_PB_2013.zzz_unzipped-JustificationBook_Chemical_and_Biological_Defense_Program_PB_2013.xml","44176a3b5f929933fa29f988a86df488aaa195b200a378d544132404a2eeb5bb","2-38aaf091068710f1243e417b547c2644eb93995ee4aaa2ad9f044d10ee6e4a65","3-704cddd17cc816f115b28a1e3e540167d56d452766a3db55c65fe08bf2407ad7","root.record.ItemExhibitList.P5Item.CostElementCategoryList.Software.Recurring.CostElementList.CostElement.ManufacturerList.Manufacturer.HistoryPlanningList.HistoryPlanning"
"2013-06","1000","2013-BASE_PROCUREMENT-2013-DEFENSE_CBDP-JustificationBook_Chemical_and_Biological_Defense_Program_PB_2013.zzz_unzipped-JustificationBook_Chemical_and_Biological_Defense_Program_PB_2013.xml","44176a3b5f929933fa29f988a86df488aaa195b200a378d544132404a2eeb5bb","3-a5fe84d9ca5522a926bcc26f1ae865354b6c2dd4f9d447d8492fc240b3d09c62","3-704cddd17cc816f115b28a1e3e540167d56d452766a3db55c65fe08bf2407ad7","root.record.ItemExhibitList.P5Item.CostElementCategoryList.Software.Recurring.CostElementList.CostElement.ManufacturerList.Manufacturer.HistoryPlanningList.HistoryPlanning"
"2013-07","1000","2013-BASE_PROCUREMENT-2013-DEFENSE_CBDP-JustificationBook_Chemical_and_Biological_Defense_Program_PB_2013.zzz_unzipped-JustificationBook_Chemical_and_Biological_Defense_Program_PB_2013.xml","44176a3b5f929933fa29f988a86df488aaa195b200a378d544132404a2eeb5bb","4-4b2d4f524941e470b0d45949669ac2a021d31e967376a2299743a851c6bd603b","3-704cddd17cc816f115b28a1e3e540167d56d452766a3db55c65fe08bf2407ad7","root.record.ItemExhibitList.P5Item.CostElementCategoryList.Software.Recurring.CostElementList.CostElement.ManufacturerList.Manufacturer.HistoryPlanningList.HistoryPlanning"
"2010-10","635","2013-BASE_PROCUREMENT-2013-DEFENSE_CBDP-JustificationBook_Chemical_and_Biological_Defense_Program_PB_2013.zzz_unzipped-JustificationBook_Chemical_and_Biological_Defense_Program_PB_2013.xml","44176a3b5f929933fa29f988a86df488aaa195b200a378d544132404a2eeb5bb","0-54ccd802bf1c119cf1c646227aca309ca036db4e22db7baa9614b05595c3f696","0-67ea029938d370bf061daf32146c3c5bcc21b0cf341641207f7b636f59f4dd82","root.record.ItemExhibitList.P5Item.CostElementCategoryList.Software.Recurring.CostElementList.CostElement.ManufacturerList.Manufacturer.HistoryPlanningList.HistoryPlanning"
"2010-11","636","2013-BASE_PROCUREMENT-2013-DEFENSE_CBDP-JustificationBook_Chemical_and_Biological_Defense_Program_PB_2013.zzz_unzipped-JustificationBook_Chemical_and_Biological_Defense_Program_PB_2013.xml","44176a3b5f929933fa29f988a86df488aaa195b200a378d544132404a2eeb5bb","1-cc9663f6220372a30fd98c4681e9f78c12b3401c188e7ce665397608abd73bfe","0-67ea029938d370bf061daf32146c3c5bcc21b0cf341641207f7b636f59f4dd82","root.record.ItemExhibitList.P5Item.CostElementCategoryList.Software.Recurring.CostElementList.CostElement.ManufacturerList.Manufacturer.HistoryPlanningList.HistoryPlanning"
"2010-12","634","2013-BASE_PROCUREMENT-2013-DEFENSE_CBDP-JustificationBook_Chemical_and_Biological_Defense_Program_PB_2013.zzz_unzipped-JustificationBook_Chemical_and_Biological_Defense_Program_PB_2013.xml","44176a3b5f929933fa29f988a86df488aaa195b200a378d544132404a2eeb5bb","2-1a9f18a42bb855846333304da6e986ebd8601d1f1a05c376fb9e121ab8c16a3f","0-67ea029938d370bf061daf32146c3c5bcc21b0cf341641207f7b636f59f4dd82","root.record.ItemExhibitList.P5Item.CostElementCategoryList.Software.Recurring.CostElementList.CostElement.ManufacturerList.Manufacturer.HistoryPlanningList.HistoryPlanning"
"2011-03","1246","2013-BASE_PROCUREMENT-2013-DEFENSE_CBDP-JustificationBook_Chemical_and_Biological_Defense_Program_PB_2013.zzz_unzipped-JustificationBook_Chemical_and_Biological_Defense_Program_PB_2013.xml","44176a3b5f929933fa29f988a86df488aaa195b200a378d544132404a2eeb5bb","0-6eb09edac3f09312c809d5ad025094f9762feac65d95b25e6c7f127236b356f6","1-a8fb8ff38afa31b3b717f119bb887e192352f89d84ccad7b6e6e310c762d91a3","root.record.ItemExhibitList.P5Item.CostElementCategoryList.Software.Recurring.CostElementList.CostElement.ManufacturerList.Manufacturer.HistoryPlanningList.HistoryPlanning"
"2011-04","635","2013-BASE_PROCUREMENT-2013-DEFENSE_CBDP-JustificationBook_Chemical_and_Biological_Defense_Program_PB_2013.zzz_unzipped-JustificationBook_Chemical_and_Biological_Defense_Program_PB_2013.xml","44176a3b5f929933fa29f988a86df488aaa195b200a378d544132404a2eeb5bb","1-a98afed58c086e6a072fc9423475d29a2cb25145012246ef252bbd669b759437","1-a8fb8ff38afa31b3b717f119bb887e192352f89d84ccad7b6e6e310c762d91a3","root.record.ItemExhibitList.P5Item.CostElementCategoryList.Software.Recurring.CostElementList.CostElement.ManufacturerList.Manufacturer.HistoryPlanningList.HistoryPlanning"
"2011-05","636","2013-BASE_PROCUREMENT-2013-DEFENSE_CBDP-JustificationBook_Chemical_and_Biological_Defense_Program_PB_2013.zzz_unzipped-JustificationBook_Chemical_and_Biological_Defense_Program_PB_2013.xml","44176a3b5f929933fa29f988a86df488aaa195b200a378d544132404a2eeb5bb","2-023602624b488bc44f6844bbea7ac006414637806a8fba196f4a7f9ccfa44658","1-a8fb8ff38afa31b3b717f119bb887e192352f89d84ccad7b6e6e310c762d91a3","root.record.ItemExhibitList.P5Item.CostElementCategoryList.Software.Recurring.CostElementList.CostElement.ManufacturerList.Manufacturer.HistoryPlanningList.HistoryPlanning"
"2011-06","635","2013-BASE_PROCUREMENT-2013-DEFENSE_CBDP-JustificationBook_Chemical_and_Biological_Defense_Program_PB_2013.zzz_unzipped-JustificationBook_Chemical_and_Biological_Defense_Program_PB_2013.xml","44176a3b5f929933fa29f988a86df488aaa195b200a378d544132404a2eeb5bb","3-cd3031b8d2ed5dd1c5f1b826d56ea75f31f86a3e043e34ac9e4d4e14f1390f2a","1-a8fb8ff38afa31b3b717f119bb887e192352f89d84ccad7b6e6e310c762d91a3","root.record.ItemExhibitList.P5Item.CostElementCategoryList.Software.Recurring.CostElementList.CostElement.ManufacturerList.Manufacturer.HistoryPlanningList.HistoryPlanning"
"2011-07","636","2013-BASE_PROCUREMENT-2013-DEFENSE_CBDP-JustificationBook_Chemical_and_Biological_Defense_Program_PB_2013.zzz_unzipped-JustificationBook_Chemical_and_Biological_Defense_Program_PB_2013.xml","44176a3b5f929933fa29f988a86df488aaa195b200a378d544132404a2eeb5bb","4-3394014b3a9f651074c2f28f16b7aaae3a68cc3ed01e02694cc371f23d9d6677","1-a8fb8ff38afa31b3b717f119bb887e192352f89d84ccad7b6e6e310c762d91a3","root.record.ItemExhibitList.P5Item.CostElementCategoryList.Software.Recurring.CostElementList.CostElement.ManufacturerList.Manufacturer.HistoryPlanningList.HistoryPlanning"
"2011-08","635","2013-BASE_PROCUREMENT-2013-DEFENSE_CBDP-JustificationBook_Chemical_and_Biological_Defense_Program_PB_2013.zzz_unzipped-JustificationBook_Chemical_and_Biological_Defense_Program_PB_2013.xml","44176a3b5f929933fa29f988a86df488aaa195b200a378d544132404a2eeb5bb","5-ae5c571d62213c05f6407fd37d96a780238b50fb1ec7052e1ec5d591a98aa2cc","1-a8fb8ff38afa31b3b717f119bb887e192352f89d84ccad7b6e6e310c762d91a3","root.record.ItemExhibitList.P5Item.CostElementCategoryList.Software.Recurring.CostElementList.CostElement.ManufacturerList.Manufacturer.HistoryPlanningList.HistoryPlanning"
"2011-09","636","2013-BASE_PROCUREMENT-2013-DEFENSE_CBDP-JustificationBook_Chemical_and_Biological_Defense_Program_PB_2013.zzz_unzipped-JustificationBook_Chemical_and_Biological_Defense_Program_PB_2013.xml","44176a3b5f929933fa29f988a86df488aaa195b200a378d544132404a2eeb5bb","6-f8c23f78fa482239d38969494794521f672feca05665713704f5b8f775b73389","1-a8fb8ff38afa31b3b717f119bb887e192352f89d84ccad7b6e6e310c762d91a3","root.record.ItemExhibitList.P5Item.CostElementCategoryList.Software.Recurring.CostElementList.CostElement.ManufacturerList.Manufacturer.HistoryPlanningList.HistoryPlanning"
"2011-10","635","2013-BASE_PROCUREMENT-2013-DEFENSE_CBDP-JustificationBook_Chemical_and_Biological_Defense_Program_PB_2013.zzz_unzipped-JustificationBook_Chemical_and_Biological_Defense_Program_PB_2013.xml","44176a3b5f929933fa29f988a86df488aaa195b200a378d544132404a2eeb5bb","7-eeed45e99c312f5f4e1414910fe3390fef8637066b4af6b66a9bbbd79df8d027","1-a8fb8ff38afa31b3b717f119bb887e192352f89d84ccad7b6e6e310c762d91a3","root.record.ItemExhibitList.P5Item.CostElementCategoryList.Software.Recurring.CostElementList.CostElement.ManufacturerList.Manufacturer.HistoryPlanningList.HistoryPlanning"
"2011-11","636","2013-BASE_PROCUREMENT-2013-DEFENSE_CBDP-JustificationBook_Chemical_and_Biological_Defense_Program_PB_2013.zzz_unzipped-JustificationBook_Chemical_and_Biological_Defense_Program_PB_2013.xml","44176a3b5f929933fa29f988a86df488aaa195b200a378d544132404a2eeb5bb","8-607245042e2938fb4ee614ec8c172088c256ef1d012abb75050a95becf7841e7","1-a8fb8ff38afa31b3b717f119bb887e192352f89d84ccad7b6e6e310c762d91a3","root.record.ItemExhibitList.P5Item.CostElementCategoryList.Software.Recurring.CostElementList.CostElement.ManufacturerList.Manufacturer.HistoryPlanningList.HistoryPlanning"
"2011-12","634","2013-BASE_PROCUREMENT-2013-DEFENSE_CBDP-JustificationBook_Chemical_and_Biological_Defense_Program_PB_2013.zzz_unzipped-JustificationBook_Chemical_and_Biological_Defense_Program_PB_2013.xml","44176a3b5f929933fa29f988a86df488aaa195b200a378d544132404a2eeb5bb","9-ee1c6070c36f83a963ef03f0ffdb29ba11f43be1048a37ccee01aeb29f05ab58","1-a8fb8ff38afa31b3b717f119bb887e192352f89d84ccad7b6e6e310c762d91a3","root.record.ItemExhibitList.P5Item.CostElementCategoryList.Software.Recurring.CostElementList.CostElement.ManufacturerList.Manufacturer.HistoryPlanningList.HistoryPlanning"
"2010-12","800","2013-BASE_PROCUREMENT-2013-DEFENSE_VOL1-MasterJustificationBook_Defense-Wide_PB_2013.zzz_unzipped-MasterJustificationBook_Defense-Wide_PB_2013.xml","c77d5f438539d7acd66e0d53502dbd64712600bc7cbf03a534e487a823f9d240","0-ed53a9d9b2fea549a0939dc7520e7c3bbb20b15ae7d8dd0e1149fc326837d7a1","0-bc474ee569e3542856308eadfe7648f53cf88a56a0efb980b31187a0678566c2","root.record.ItemExhibitList.P5Item.CostElementCategoryList.Software.Recurring.CostElementList.CostElement.ManufacturerList.Manufacturer.HistoryPlanningList.HistoryPlanning"
"2011-01","800","2013-BASE_PROCUREMENT-2013-DEFENSE_VOL1-MasterJustificationBook_Defense-Wide_PB_2013.zzz_unzipped-MasterJustificationBook_Defense-Wide_PB_2013.xml","c77d5f438539d7acd66e0d53502dbd64712600bc7cbf03a534e487a823f9d240","1-667a48351bf6508f868cd257815ef43e3df17a3f8d4e187314c6668b55facc11","0-bc474ee569e3542856308eadfe7648f53cf88a56a0efb980b31187a0678566c2","root.record.ItemExhibitList.P5Item.CostElementCategoryList.Software.Recurring.CostElementList.CostElement.ManufacturerList.Manufacturer.HistoryPlanningList.HistoryPlanning"
"2011-02","800","2013-BASE_PROCUREMENT-2013-DEFENSE_VOL1-MasterJustificationBook_Defense-Wide_PB_2013.zzz_unzipped-MasterJustificationBook_Defense-Wide_PB_2013.xml","c77d5f438539d7acd66e0d53502dbd64712600bc7cbf03a534e487a823f9d240","2-656e039a36a5a9ca4d840a83a5f31bb3a281ac0266f1c0f44bf394a1298caf7e","0-bc474ee569e3542856308eadfe7648f53cf88a56a0efb980b31187a0678566c2","root.record.ItemExhibitList.P5Item.CostElementCategoryList.Software.Recurring.CostElementList.CostElement.ManufacturerList.Manufacturer.HistoryPlanningList.HistoryPlanning"
"2011-03","800","2013-BASE_PROCUREMENT-2013-DEFENSE_VOL1-MasterJustificationBook_Defense-Wide_PB_2013.zzz_unzipped-MasterJustificationBook_Defense-Wide_PB_2013.xml","c77d5f438539d7acd66e0d53502dbd64712600bc7cbf03a534e487a823f9d240","3-74749d8a77d921ffe6c9592cea0b3d22eab5d5219ba1b2785dceb387a959d7c2","0-bc474ee569e3542856308eadfe7648f53cf88a56a0efb980b31187a0678566c2","root.record.ItemExhibitList.P5Item.CostElementCategoryList.Software.Recurring.CostElementList.CostElement.ManufacturerList.Manufacturer.HistoryPlanningList.HistoryPlanning"
"2011-04","800","2013-BASE_PROCUREMENT-2013-DEFENSE_VOL1-MasterJustificationBook_Defense-Wide_PB_2013.zzz_unzipped-MasterJustificationBook_Defense-Wide_PB_2013.xml","c77d5f438539d7acd66e0d53502dbd64712600bc7cbf03a534e487a823f9d240","4-80fba6edc7fbb4109609e19cbd11e4ac91ec6a9a708b67befae5d2a362624ae9","0-bc474ee569e3542856308eadfe7648f53cf88a56a0efb980b31187a0678566c2","root.record.ItemExhibitList.P5Item.CostElementCategoryList.Software.Recurring.CostElementList.CostElement.ManufacturerList.Manufacturer.HistoryPlanningList.HistoryPlanning"
"2011-09","800","2013-BASE_PROCUREMENT-2013-DEFENSE_VOL1-MasterJustificationBook_Defense-Wide_PB_2013.zzz_unzipped-MasterJustificationBook_Defense-Wide_PB_2013.xml","c77d5f438539d7acd66e0d53502dbd64712600bc7cbf03a534e487a823f9d240","0-a3467c044189ac836e04e2a76099d920d6a730618dd4b9e57a3dd18d747ac9a4","1-9e095ad6ba8a8ffb47c39f025d7937eb825e822edc1a073ddc2b24333bfd5dde","root.record.ItemExhibitList.P5Item.CostElementCategoryList.Software.Recurring.CostElementList.CostElement.ManufacturerList.Manufacturer.HistoryPlanningList.HistoryPlanning"
"2011-10","800","2013-BASE_PROCUREMENT-2013-DEFENSE_VOL1-MasterJustificationBook_Defense-Wide_PB_2013.zzz_unzipped-MasterJustificationBook_Defense-Wide_PB_2013.xml","c77d5f438539d7acd66e0d53502dbd64712600bc7cbf03a534e487a823f9d240","1-7185526e29ea009b097705f1a334799e9b2b31bad55815f40d79bfb8680b9ff7","1-9e095ad6ba8a8ffb47c39f025d7937eb825e822edc1a073ddc2b24333bfd5dde","root.record.ItemExhibitList.P5Item.CostElementCategoryList.Software.Recurring.CostElementList.CostElement.ManufacturerList.Manufacturer.HistoryPlanningList.HistoryPlanning"
"2011-11","800","2013-BASE_PROCUREMENT-2013-DEFENSE_VOL1-MasterJustificationBook_Defense-Wide_PB_2013.zzz_unzipped-MasterJustificationBook_Defense-Wide_PB_2013.xml","c77d5f438539d7acd66e0d53502dbd64712600bc7cbf03a534e487a823f9d240","2-64ce14043cbf5f47f98eab89b156b64c141558a3998214e020c9eb418d907fc3","1-9e095ad6ba8a8ffb47c39f025d7937eb825e822edc1a073ddc2b24333bfd5dde","root.record.ItemExhibitList.P5Item.CostElementCategoryList.Software.Recurring.CostElementList.CostElement.ManufacturerList.Manufacturer.HistoryPlanningList.HistoryPlanning"
"2011-12","800","2013-BASE_PROCUREMENT-2013-DEFENSE_VOL1-MasterJustificationBook_Defense-Wide_PB_2013.zzz_unzipped-MasterJustificationBook_Defense-Wide_PB_2013.xml","c77d5f438539d7acd66e0d53502dbd64712600bc7cbf03a534e487a823f9d240","3-5e474df4e159dc5a00be9c32a90932637fc26c4541f0718e714b6184c991ca57","1-9e095ad6ba8a8ffb47c39f025d7937eb825e822edc1a073ddc2b24333bfd5dde","root.record.ItemExhibitList.P5Item.CostElementCategoryList.Software.Recurring.CostElementList.CostElement.ManufacturerList.Manufacturer.HistoryPlanningList.HistoryPlanning"
"2012-01","800","2013-BASE_PROCUREMENT-2013-DEFENSE_VOL1-MasterJustificationBook_Defense-Wide_PB_2013.zzz_unzipped-MasterJustificationBook_Defense-Wide_PB_2013.xml","c77d5f438539d7acd66e0d53502dbd64712600bc7cbf03a534e487a823f9d240","4-688b074198301e16a1920b805d08e09d78ddd11271b8b4e0870fabea36d12ea2","1-9e095ad6ba8a8ffb47c39f025d7937eb825e822edc1a073ddc2b24333bfd5dde","root.record.ItemExhibitList.P5Item.CostElementCategoryList.Software.Recurring.CostElementList.CostElement.ManufacturerList.Manufacturer.HistoryPlanningList.HistoryPlanning"
"2012-05","1000","2013-BASE_PROCUREMENT-2013-DEFENSE_VOL1-MasterJustificationBook_Defense-Wide_PB_2013.zzz_unzipped-MasterJustificationBook_Defense-Wide_PB_2013.xml","c77d5f438539d7acd66e0d53502dbd64712600bc7cbf03a534e487a823f9d240","0-60bbb4bac98ea7aafa3485e470dff551fc5a406a49de47fbb56bc98039f9b14b","2-17d0a205f13c14718f6c301bda56bdabeb7630f0adcde6824b01f615c2e21a81","root.record.ItemExhibitList.P5Item.CostElementCategoryList.Software.Recurring.CostElementList.CostElement.ManufacturerList.Manufacturer.HistoryPlanningList.HistoryPlanning"
"2012-06","1000","2013-BASE_PROCUREMENT-2013-DEFENSE_VOL1-MasterJustificationBook_Defense-Wide_PB_2013.zzz_unzipped-MasterJustificationBook_Defense-Wide_PB_2013.xml","c77d5f438539d7acd66e0d53502dbd64712600bc7cbf03a534e487a823f9d240","1-16a9878a016f19fa85d1f3d37b2049a81b6675825ccb7291047b644dc1d489b7","2-17d0a205f13c14718f6c301bda56bdabeb7630f0adcde6824b01f615c2e21a81","root.record.ItemExhibitList.P5Item.CostElementCategoryList.Software.Recurring.CostElementList.CostElement.ManufacturerList.Manufacturer.HistoryPlanningList.HistoryPlanning"
"2012-07","1000","2013-BASE_PROCUREMENT-2013-DEFENSE_VOL1-MasterJustificationBook_Defense-Wide_PB_2013.zzz_unzipped-MasterJustificationBook_Defense-Wide_PB_2013.xml","c77d5f438539d7acd66e0d53502dbd64712600bc7cbf03a534e487a823f9d240","2-3fc843bfdd05ff5d566bbfa975fe765a6c17d1bdaa4ab6826982473f7ee5c05f","2-17d0a205f13c14718f6c301bda56bdabeb7630f0adcde6824b01f615c2e21a81","root.record.ItemExhibitList.P5Item.CostElementCategoryList.Software.Recurring.CostElementList.CostElement.ManufacturerList.Manufacturer.HistoryPlanningList.HistoryPlanning"
"2012-08","1000","2013-BASE_PROCUREMENT-2013-DEFENSE_VOL1-MasterJustificationBook_Defense-Wide_PB_2013.zzz_unzipped-MasterJustificationBook_Defense-Wide_PB_2013.xml","c77d5f438539d7acd66e0d53502dbd64712600bc7cbf03a534e487a823f9d240","3-fdda4ed67e9bad5fbf13fd30f32ae78782913e960448c7ceb20c864a053a3661","2-17d0a205f13c14718f6c301bda56bdabeb7630f0adcde6824b01f615c2e21a81","root.record.ItemExhibitList.P5Item.CostElementCategoryList.Software.Recurring.CostElementList.CostElement.ManufacturerList.Manufacturer.HistoryPlanningList.HistoryPlanning"
"2012-09","1000","2013-BASE_PROCUREMENT-2013-DEFENSE_VOL1-MasterJustificationBook_Defense-Wide_PB_2013.zzz_unzipped-MasterJustificationBook_Defense-Wide_PB_2013.xml","c77d5f438539d7acd66e0d53502dbd64712600bc7cbf03a534e487a823f9d240","4-492e6b41f60a92f80bf521e3920882d8414981b9e690bf5a69400f755d4db951","2-17d0a205f13c14718f6c301bda56bdabeb7630f0adcde6824b01f615c2e21a81","root.record.ItemExhibitList.P5Item.CostElementCategoryList.Software.Recurring.CostElementList.CostElement.ManufacturerList.Manufacturer.HistoryPlanningList.HistoryPlanning"
"2013-03","1000","2013-BASE_PROCUREMENT-2013-DEFENSE_VOL1-MasterJustificationBook_Defense-Wide_PB_2013.zzz_unzipped-MasterJustificationBook_Defense-Wide_PB_2013.xml","c77d5f438539d7acd66e0d53502dbd64712600bc7cbf03a534e487a823f9d240","0-6513625e881812dee2059c59c9ca25409baa545801d6ea0b6a1a3b5ec3920a60","3-403b446647df6d40e4e6d75e1c2861c12e794d9f786d5f381e2dccf28a0f3c1f","root.record.ItemExhibitList.P5Item.CostElementCategoryList.Software.Recurring.CostElementList.CostElement.ManufacturerList.Manufacturer.HistoryPlanningList.HistoryPlanning"
"2013-04","1000","2013-BASE_PROCUREMENT-2013-DEFENSE_VOL1-MasterJustificationBook_Defense-Wide_PB_2013.zzz_unzipped-MasterJustificationBook_Defense-Wide_PB_2013.xml","c77d5f438539d7acd66e0d53502dbd64712600bc7cbf03a534e487a823f9d240","1-6c10be11ac93b9b9ff84d7a7d7e5aea5cf3bc050fb170b62a79030cc8dbb9c79","3-403b446647df6d40e4e6d75e1c2861c12e794d9f786d5f381e2dccf28a0f3c1f","root.record.ItemExhibitList.P5Item.CostElementCategoryList.Software.Recurring.CostElementList.CostElement.ManufacturerList.Manufacturer.HistoryPlanningList.HistoryPlanning"
"2013-05","1000","2013-BASE_PROCUREMENT-2013-DEFENSE_VOL1-MasterJustificationBook_Defense-Wide_PB_2013.zzz_unzipped-MasterJustificationBook_Defense-Wide_PB_2013.xml","c77d5f438539d7acd66e0d53502dbd64712600bc7cbf03a534e487a823f9d240","2-ba5bd3754c4b7c5390950351dc558af1bb73212026be342376cda56f5b14e2d7","3-403b446647df6d40e4e6d75e1c2861c12e794d9f786d5f381e2dccf28a0f3c1f","root.record.ItemExhibitList.P5Item.CostElementCategoryList.Software.Recurring.CostElementList.CostElement.ManufacturerList.Manufacturer.HistoryPlanningList.HistoryPlanning"
"2013-06","1000","2013-BASE_PROCUREMENT-2013-DEFENSE_VOL1-MasterJustificationBook_Defense-Wide_PB_2013.zzz_unzipped-MasterJustificationBook_Defense-Wide_PB_2013.xml","c77d5f438539d7acd66e0d53502dbd64712600bc7cbf03a534e487a823f9d240","3-089658bfbe65a4006a5410f890db350b2c032847215533d14ca929cae932e752","3-403b446647df6d40e4e6d75e1c2861c12e794d9f786d5f381e2dccf28a0f3c1f","root.record.ItemExhibitList.P5Item.CostElementCategoryList.Software.Recurring.CostElementList.CostElement.ManufacturerList.Manufacturer.HistoryPlanningList.HistoryPlanning"
"2013-07","1000","2013-BASE_PROCUREMENT-2013-DEFENSE_VOL1-MasterJustificationBook_Defense-Wide_PB_2013.zzz_unzipped-MasterJustificationBook_Defense-Wide_PB_2013.xml","c77d5f438539d7acd66e0d53502dbd64712600bc7cbf03a534e487a823f9d240","4-b44d30e6d9bd774bbdf5491759b6981f2c10ff25b7623b29f7985167549b7125","3-403b446647df6d40e4e6d75e1c2861c12e794d9f786d5f381e2dccf28a0f3c1f","root.record.ItemExhibitList.P5Item.CostElementCategoryList.Software.Recurring.CostElementList.CostElement.ManufacturerList.Manufacturer.HistoryPlanningList.HistoryPlanning"
"2010-10","635","2013-BASE_PROCUREMENT-2013-DEFENSE_VOL1-MasterJustificationBook_Defense-Wide_PB_2013.zzz_unzipped-MasterJustificationBook_Defense-Wide_PB_2013.xml","c77d5f438539d7acd66e0d53502dbd64712600bc7cbf03a534e487a823f9d240","0-3956e5c7ead978feed631cb32361daee94e194cc798ca557bf885f1af88ffc0e","0-4660f8343f8353e9a92230342c2f7841b91ad151aa96ca8e6ae0c11e3c683a30","root.record.ItemExhibitList.P5Item.CostElementCategoryList.Software.Recurring.CostElementList.CostElement.ManufacturerList.Manufacturer.HistoryPlanningList.HistoryPlanning"
"2010-11","636","2013-BASE_PROCUREMENT-2013-DEFENSE_VOL1-MasterJustificationBook_Defense-Wide_PB_2013.zzz_unzipped-MasterJustificationBook_Defense-Wide_PB_2013.xml","c77d5f438539d7acd66e0d53502dbd64712600bc7cbf03a534e487a823f9d240","1-db6066d475f13b8962e8b49dc977de2e11b44500e1ac758c18e9092130bbbd57","0-4660f8343f8353e9a92230342c2f7841b91ad151aa96ca8e6ae0c11e3c683a30","root.record.ItemExhibitList.P5Item.CostElementCategoryList.Software.Recurring.CostElementList.CostElement.ManufacturerList.Manufacturer.HistoryPlanningList.HistoryPlanning"
"2010-12","634","2013-BASE_PROCUREMENT-2013-DEFENSE_VOL1-MasterJustificationBook_Defense-Wide_PB_2013.zzz_unzipped-MasterJustificationBook_Defense-Wide_PB_2013.xml","c77d5f438539d7acd66e0d53502dbd64712600bc7cbf03a534e487a823f9d240","2-de7ef13fc4120a58f3c949e124bbbb24cc95513763290d591fd65657109550fe","0-4660f8343f8353e9a92230342c2f7841b91ad151aa96ca8e6ae0c11e3c683a30","root.record.ItemExhibitList.P5Item.CostElementCategoryList.Software.Recurring.CostElementList.CostElement.ManufacturerList.Manufacturer.HistoryPlanningList.HistoryPlanning"
"2011-03","1246","2013-BASE_PROCUREMENT-2013-DEFENSE_VOL1-MasterJustificationBook_Defense-Wide_PB_2013.zzz_unzipped-MasterJustificationBook_Defense-Wide_PB_2013.xml","c77d5f438539d7acd66e0d53502dbd64712600bc7cbf03a534e487a823f9d240","0-5ce00a012d51d5034fd988efd4b5ddd0233118897080423475df97f19195e25f","1-8cf2e34e6aa5316a2ce0ee88e2b61ee59b713d9d775e480c5c286ce845983645","root.record.ItemExhibitList.P5Item.CostElementCategoryList.Software.Recurring.CostElementList.CostElement.ManufacturerList.Manufacturer.HistoryPlanningList.HistoryPlanning"
"2011-04","635","2013-BASE_PROCUREMENT-2013-DEFENSE_VOL1-MasterJustificationBook_Defense-Wide_PB_2013.zzz_unzipped-MasterJustificationBook_Defense-Wide_PB_2013.xml","c77d5f438539d7acd66e0d53502dbd64712600bc7cbf03a534e487a823f9d240","1-e1b4508fae09b7fdbeaeebb335ee4b323bbd7dcd071a2f58860d30b8419f4fbf","1-8cf2e34e6aa5316a2ce0ee88e2b61ee59b713d9d775e480c5c286ce845983645","root.record.ItemExhibitList.P5Item.CostElementCategoryList.Software.Recurring.CostElementList.CostElement.ManufacturerList.Manufacturer.HistoryPlanningList.HistoryPlanning"
"2011-05","636","2013-BASE_PROCUREMENT-2013-DEFENSE_VOL1-MasterJustificationBook_Defense-Wide_PB_2013.zzz_unzipped-MasterJustificationBook_Defense-Wide_PB_2013.xml","c77d5f438539d7acd66e0d53502dbd64712600bc7cbf03a534e487a823f9d240","2-414bb618d8445ebcba98f9eb6883303a3708b20361457e3bbf3157f0fe53961a","1-8cf2e34e6aa5316a2ce0ee88e2b61ee59b713d9d775e480c5c286ce845983645","root.record.ItemExhibitList.P5Item.CostElementCategoryList.Software.Recurring.CostElementList.CostElement.ManufacturerList.Manufacturer.HistoryPlanningList.HistoryPlanning"
"2011-06","635","2013-BASE_PROCUREMENT-2013-DEFENSE_VOL1-MasterJustificationBook_Defense-Wide_PB_2013.zzz_unzipped-MasterJustificationBook_Defense-Wide_PB_2013.xml","c77d5f438539d7acd66e0d53502dbd64712600bc7cbf03a534e487a823f9d240","3-80028bd98ddf92cb0f8592d5c2e2a4651041884ddc840a496631b8d8e63e1936","1-8cf2e34e6aa5316a2ce0ee88e2b61ee59b713d9d775e480c5c286ce845983645","root.record.ItemExhibitList.P5Item.CostElementCategoryList.Software.Recurring.CostElementList.CostElement.ManufacturerList.Manufacturer.HistoryPlanningList.HistoryPlanning"
"2011-07","636","2013-BASE_PROCUREMENT-2013-DEFENSE_VOL1-MasterJustificationBook_Defense-Wide_PB_2013.zzz_unzipped-MasterJustificationBook_Defense-Wide_PB_2013.xml","c77d5f438539d7acd66e0d53502dbd64712600bc7cbf03a534e487a823f9d240","4-8d15152501e9d2b5d09ce4b17b504880181bc518dbef01ddc3d54a4de2e22993","1-8cf2e34e6aa5316a2ce0ee88e2b61ee59b713d9d775e480c5c286ce845983645","root.record.ItemExhibitList.P5Item.CostElementCategoryList.Software.Recurring.CostElementList.CostElement.ManufacturerList.Manufacturer.HistoryPlanningList.HistoryPlanning"
"2011-08","635","2013-BASE_PROCUREMENT-2013-DEFENSE_VOL1-MasterJustificationBook_Defense-Wide_PB_2013.zzz_unzipped-MasterJustificationBook_Defense-Wide_PB_2013.xml","c77d5f438539d7acd66e0d53502dbd64712600bc7cbf03a534e487a823f9d240","5-b5b3199e7cd9480640adfe4bc8eee623de4c9091492fd65c8f178745fc1609b7","1-8cf2e34e6aa5316a2ce0ee88e2b61ee59b713d9d775e480c5c286ce845983645","root.record.ItemExhibitList.P5Item.CostElementCategoryList.Software.Recurring.CostElementList.CostElement.ManufacturerList.Manufacturer.HistoryPlanningList.HistoryPlanning"
"2011-09","636","2013-BASE_PROCUREMENT-2013-DEFENSE_VOL1-MasterJustificationBook_Defense-Wide_PB_2013.zzz_unzipped-MasterJustificationBook_Defense-Wide_PB_2013.xml","c77d5f438539d7acd66e0d53502dbd64712600bc7cbf03a534e487a823f9d240","6-c7fa6b937a2687a743029d44aef77988d649ad1c5ec0670a30dc87a7d800b443","1-8cf2e34e6aa5316a2ce0ee88e2b61ee59b713d9d775e480c5c286ce845983645","root.record.ItemExhibitList.P5Item.CostElementCategoryList.Software.Recurring.CostElementList.CostElement.ManufacturerList.Manufacturer.HistoryPlanningList.HistoryPlanning"
"2011-10","635","2013-BASE_PROCUREMENT-2013-DEFENSE_VOL1-MasterJustificationBook_Defense-Wide_PB_2013.zzz_unzipped-MasterJustificationBook_Defense-Wide_PB_2013.xml","c77d5f438539d7acd66e0d53502dbd64712600bc7cbf03a534e487a823f9d240","7-b337a7ea0aade8c1feec08f22f96f9503b10c2c5858d43b46ddcf348a8465e80","1-8cf2e34e6aa5316a2ce0ee88e2b61ee59b713d9d775e480c5c286ce845983645","root.record.ItemExhibitList.P5Item.CostElementCategoryList.Software.Recurring.CostElementList.CostElement.ManufacturerList.Manufacturer.HistoryPlanningList.HistoryPlanning"
"2011-11","636","2013-BASE_PROCUREMENT-2013-DEFENSE_VOL1-MasterJustificationBook_Defense-Wide_PB_2013.zzz_unzipped-MasterJustificationBook_Defense-Wide_PB_2013.xml","c77d5f438539d7acd66e0d53502dbd64712600bc7cbf03a534e487a823f9d240","8-c44cb80a0d5cf2c01442c402f8a38af6d1e6a35b88c6ced7da599d22ae39bafa","1-8cf2e34e6aa5316a2ce0ee88e2b61ee59b713d9d775e480c5c286ce845983645","root.record.ItemExhibitList.P5Item.CostElementCategoryList.Software.Recurring.CostElementList.CostElement.ManufacturerList.Manufacturer.HistoryPlanningList.HistoryPlanning"
"2011-12","634","2013-BASE_PROCUREMENT-2013-DEFENSE_VOL1-MasterJustificationBook_Defense-Wide_PB_2013.zzz_unzipped-MasterJustificationBook_Defense-Wide_PB_2013.xml","c77d5f438539d7acd66e0d53502dbd64712600bc7cbf03a534e487a823f9d240","9-9884b9da6804b972ae316177ed0a214fc85d32725b9d763b9bd687ef37891409","1-8cf2e34e6aa5316a2ce0ee88e2b61ee59b713d9d775e480c5c286ce845983645","root.record.ItemExhibitList.P5Item.CostElementCategoryList.Software.Recurring.CostElementList.CostElement.ManufacturerList.Manufacturer.HistoryPlanningList.HistoryPlanning"
"2011-09","800","2014-BASE_PROCUREMENT-2014-DEFENSE_CBDP-PROCUREMENT_JustificationBook_Chemical_and_Biological_Defense_Program_PB_2014.zzz_unzipped-PROCUREMENT_JustificationBook_Chemical_and_Biological_Defense_Program_PB_2014.xml","97d306f3e37f2906a5001bc7c82dbaa23baf8de90825e377097cc280fffa115b","0-1d10e71d55c7a858dbba2390280d0e7dada43865f695c857286edd4715f520f5","0-03632e21552233c846aab781f8a6f193c2fb452372ab03738d09095faae66b83","root.record.ItemExhibitList.P5Item.CostElementCategoryList.Software.Recurring.CostElementList.CostElement.ManufacturerList.Manufacturer.HistoryPlanningList.HistoryPlanning"
"2011-10","800","2014-BASE_PROCUREMENT-2014-DEFENSE_CBDP-PROCUREMENT_JustificationBook_Chemical_and_Biological_Defense_Program_PB_2014.zzz_unzipped-PROCUREMENT_JustificationBook_Chemical_and_Biological_Defense_Program_PB_2014.xml","97d306f3e37f2906a5001bc7c82dbaa23baf8de90825e377097cc280fffa115b","1-17aa82f32d6968906ced70bec4c1ba9e43918da1eadc88c21766a09d3fac90a3","0-03632e21552233c846aab781f8a6f193c2fb452372ab03738d09095faae66b83","root.record.ItemExhibitList.P5Item.CostElementCategoryList.Software.Recurring.CostElementList.CostElement.ManufacturerList.Manufacturer.HistoryPlanningList.HistoryPlanning"
"2011-11","800","2014-BASE_PROCUREMENT-2014-DEFENSE_CBDP-PROCUREMENT_JustificationBook_Chemical_and_Biological_Defense_Program_PB_2014.zzz_unzipped-PROCUREMENT_JustificationBook_Chemical_and_Biological_Defense_Program_PB_2014.xml","97d306f3e37f2906a5001bc7c82dbaa23baf8de90825e377097cc280fffa115b","2-684664381f33ec3306418e7a2b0399a0150399fb156a26b0b02cc44d9999523b","0-03632e21552233c846aab781f8a6f193c2fb452372ab03738d09095faae66b83","root.record.ItemExhibitList.P5Item.CostElementCategoryList.Software.Recurring.CostElementList.CostElement.ManufacturerList.Manufacturer.HistoryPlanningList.HistoryPlanning"
"2011-12","800","2014-BASE_PROCUREMENT-2014-DEFENSE_CBDP-PROCUREMENT_JustificationBook_Chemical_and_Biological_Defense_Program_PB_2014.zzz_unzipped-PROCUREMENT_JustificationBook_Chemical_and_Biological_Defense_Program_PB_2014.xml","97d306f3e37f2906a5001bc7c82dbaa23baf8de90825e377097cc280fffa115b","3-58daa5074c87aad9c666b9b9ec87be083c35d11eeabd486278e4248a9c281410","0-03632e21552233c846aab781f8a6f193c2fb452372ab03738d09095faae66b83","root.record.ItemExhibitList.P5Item.CostElementCategoryList.Software.Recurring.CostElementList.CostElement.ManufacturerList.Manufacturer.HistoryPlanningList.HistoryPlanning"
"2012-01","800","2014-BASE_PROCUREMENT-2014-DEFENSE_CBDP-PROCUREMENT_JustificationBook_Chemical_and_Biological_Defense_Program_PB_2014.zzz_unzipped-PROCUREMENT_JustificationBook_Chemical_and_Biological_Defense_Program_PB_2014.xml","97d306f3e37f2906a5001bc7c82dbaa23baf8de90825e377097cc280fffa115b","4-bd35379c26e5bfcb0acbd74199d112f551a659decb96106cd213637e72c76749","0-03632e21552233c846aab781f8a6f193c2fb452372ab03738d09095faae66b83","root.record.ItemExhibitList.P5Item.CostElementCategoryList.Software.Recurring.CostElementList.CostElement.ManufacturerList.Manufacturer.HistoryPlanningList.HistoryPlanning"
"2012-05","1000","2014-BASE_PROCUREMENT-2014-DEFENSE_CBDP-PROCUREMENT_JustificationBook_Chemical_and_Biological_Defense_Program_PB_2014.zzz_unzipped-PROCUREMENT_JustificationBook_Chemical_and_Biological_Defense_Program_PB_2014.xml","97d306f3e37f2906a5001bc7c82dbaa23baf8de90825e377097cc280fffa115b","0-75e0ba5fb900ba1a970c2d1b5e3d1bbf86be4495d59dea5817fe0af29b1d8fc3","1-950695d5e3528b606f58bbac4d7d8cf622cf477ce1bc1da1dd7dd07ebbd69057","root.record.ItemExhibitList.P5Item.CostElementCategoryList.Software.Recurring.CostElementList.CostElement.ManufacturerList.Manufacturer.HistoryPlanningList.HistoryPlanning"
"2012-06","1000","2014-BASE_PROCUREMENT-2014-DEFENSE_CBDP-PROCUREMENT_JustificationBook_Chemical_and_Biological_Defense_Program_PB_2014.zzz_unzipped-PROCUREMENT_JustificationBook_Chemical_and_Biological_Defense_Program_PB_2014.xml","97d306f3e37f2906a5001bc7c82dbaa23baf8de90825e377097cc280fffa115b","1-1d35b78699809222fe50813822c683bee69983f924e04ac9516b645a517000ba","1-950695d5e3528b606f58bbac4d7d8cf622cf477ce1bc1da1dd7dd07ebbd69057","root.record.ItemExhibitList.P5Item.CostElementCategoryList.Software.Recurring.CostElementList.CostElement.ManufacturerList.Manufacturer.HistoryPlanningList.HistoryPlanning"
"2012-07","1000","2014-BASE_PROCUREMENT-2014-DEFENSE_CBDP-PROCUREMENT_JustificationBook_Chemical_and_Biological_Defense_Program_PB_2014.zzz_unzipped-PROCUREMENT_JustificationBook_Chemical_and_Biological_Defense_Program_PB_2014.xml","97d306f3e37f2906a5001bc7c82dbaa23baf8de90825e377097cc280fffa115b","2-75b880125406a532e223c6b9842030fc99ddcbdae4b2c2e1ccbe36a847d094fd","1-950695d5e3528b606f58bbac4d7d8cf622cf477ce1bc1da1dd7dd07ebbd69057","root.record.ItemExhibitList.P5Item.CostElementCategoryList.Software.Recurring.CostElementList.CostElement.ManufacturerList.Manufacturer.HistoryPlanningList.HistoryPlanning"
"2012-08","1000","2014-BASE_PROCUREMENT-2014-DEFENSE_CBDP-PROCUREMENT_JustificationBook_Chemical_and_Biological_Defense_Program_PB_2014.zzz_unzipped-PROCUREMENT_JustificationBook_Chemical_and_Biological_Defense_Program_PB_2014.xml","97d306f3e37f2906a5001bc7c82dbaa23baf8de90825e377097cc280fffa115b","3-44fe0b5d14b4d14f18aabf4ae5e919dc47a34c81050b340f43b981dda4aec4c3","1-950695d5e3528b606f58bbac4d7d8cf622cf477ce1bc1da1dd7dd07ebbd69057","root.record.ItemExhibitList.P5Item.CostElementCategoryList.Software.Recurring.CostElementList.CostElement.ManufacturerList.Manufacturer.HistoryPlanningList.HistoryPlanning"
"2012-09","1000","2014-BASE_PROCUREMENT-2014-DEFENSE_CBDP-PROCUREMENT_JustificationBook_Chemical_and_Biological_Defense_Program_PB_2014.zzz_unzipped-PROCUREMENT_JustificationBook_Chemical_and_Biological_Defense_Program_PB_2014.xml","97d306f3e37f2906a5001bc7c82dbaa23baf8de90825e377097cc280fffa115b","4-1c2d3457866d034aed6b8f0cce7f1e561999a6246c2a266c95c68dd7c33c470b","1-950695d5e3528b606f58bbac4d7d8cf622cf477ce1bc1da1dd7dd07ebbd69057","root.record.ItemExhibitList.P5Item.CostElementCategoryList.Software.Recurring.CostElementList.CostElement.ManufacturerList.Manufacturer.HistoryPlanningList.HistoryPlanning"
"2013-03","1000","2014-BASE_PROCUREMENT-2014-DEFENSE_CBDP-PROCUREMENT_JustificationBook_Chemical_and_Biological_Defense_Program_PB_2014.zzz_unzipped-PROCUREMENT_JustificationBook_Chemical_and_Biological_Defense_Program_PB_2014.xml","97d306f3e37f2906a5001bc7c82dbaa23baf8de90825e377097cc280fffa115b","0-1ba91e33413dd8c9e8bdb19d06e4ad677a408bec2ed5a76ef2a58a34352f8fda","2-56e21703e77a7e1fae909bf4706bb6a9d627b21fc4da7534ca97b096811f5afa","root.record.ItemExhibitList.P5Item.CostElementCategoryList.Software.Recurring.CostElementList.CostElement.ManufacturerList.Manufacturer.HistoryPlanningList.HistoryPlanning"
"2013-04","1000","2014-BASE_PROCUREMENT-2014-DEFENSE_CBDP-PROCUREMENT_JustificationBook_Chemical_and_Biological_Defense_Program_PB_2014.zzz_unzipped-PROCUREMENT_JustificationBook_Chemical_and_Biological_Defense_Program_PB_2014.xml","97d306f3e37f2906a5001bc7c82dbaa23baf8de90825e377097cc280fffa115b","1-579d9f19bcc339993dfe87b7393afb38ee429888e5d7d50240391185f373dc35","2-56e21703e77a7e1fae909bf4706bb6a9d627b21fc4da7534ca97b096811f5afa","root.record.ItemExhibitList.P5Item.CostElementCategoryList.Software.Recurring.CostElementList.CostElement.ManufacturerList.Manufacturer.HistoryPlanningList.HistoryPlanning"
"2013-05","1000","2014-BASE_PROCUREMENT-2014-DEFENSE_CBDP-PROCUREMENT_JustificationBook_Chemical_and_Biological_Defense_Program_PB_2014.zzz_unzipped-PROCUREMENT_JustificationBook_Chemical_and_Biological_Defense_Program_PB_2014.xml","97d306f3e37f2906a5001bc7c82dbaa23baf8de90825e377097cc280fffa115b","2-f38581d8440adb6cdc67398f7d0a2226cee612e2477f49d565a798e2b51f45b4","2-56e21703e77a7e1fae909bf4706bb6a9d627b21fc4da7534ca97b096811f5afa","root.record.ItemExhibitList.P5Item.CostElementCategoryList.Software.Recurring.CostElementList.CostElement.ManufacturerList.Manufacturer.HistoryPlanningList.HistoryPlanning"
"2013-06","1000","2014-BASE_PROCUREMENT-2014-DEFENSE_CBDP-PROCUREMENT_JustificationBook_Chemical_and_Biological_Defense_Program_PB_2014.zzz_unzipped-PROCUREMENT_JustificationBook_Chemical_and_Biological_Defense_Program_PB_2014.xml","97d306f3e37f2906a5001bc7c82dbaa23baf8de90825e377097cc280fffa115b","3-d94074a55af99b606c58d4c152ddcc64ce3aaec9c46c7f8e00d58019e0c2de74","2-56e21703e77a7e1fae909bf4706bb6a9d627b21fc4da7534ca97b096811f5afa","root.record.ItemExhibitList.P5Item.CostElementCategoryList.Software.Recurring.CostElementList.CostElement.ManufacturerList.Manufacturer.HistoryPlanningList.HistoryPlanning"
"2013-07","1000","2014-BASE_PROCUREMENT-2014-DEFENSE_CBDP-PROCUREMENT_JustificationBook_Chemical_and_Biological_Defense_Program_PB_2014.zzz_unzipped-PROCUREMENT_JustificationBook_Chemical_and_Biological_Defense_Program_PB_2014.xml","97d306f3e37f2906a5001bc7c82dbaa23baf8de90825e377097cc280fffa115b","4-755f72b94dadab7ee244a4660a7f96ddb4e8ff4d42d43e99e2f4dd527edfa04d","2-56e21703e77a7e1fae909bf4706bb6a9d627b21fc4da7534ca97b096811f5afa","root.record.ItemExhibitList.P5Item.CostElementCategoryList.Software.Recurring.CostElementList.CostElement.ManufacturerList.Manufacturer.HistoryPlanningList.HistoryPlanning"
"2011-03","1246","2014-BASE_PROCUREMENT-2014-DEFENSE_CBDP-PROCUREMENT_JustificationBook_Chemical_and_Biological_Defense_Program_PB_2014.zzz_unzipped-PROCUREMENT_JustificationBook_Chemical_and_Biological_Defense_Program_PB_2014.xml","97d306f3e37f2906a5001bc7c82dbaa23baf8de90825e377097cc280fffa115b","0-81fe516e34487838a82e637d9b7c303afc2136d980bd11cd31e6c918d07f4122","0-7ca53263feff2f60f61aac02fee9dfee5a127bec4cbae3f8490dc09ba677d7fe","root.record.ItemExhibitList.P5Item.CostElementCategoryList.Software.Recurring.CostElementList.CostElement.ManufacturerList.Manufacturer.HistoryPlanningList.HistoryPlanning"
"2011-04","635","2014-BASE_PROCUREMENT-2014-DEFENSE_CBDP-PROCUREMENT_JustificationBook_Chemical_and_Biological_Defense_Program_PB_2014.zzz_unzipped-PROCUREMENT_JustificationBook_Chemical_and_Biological_Defense_Program_PB_2014.xml","97d306f3e37f2906a5001bc7c82dbaa23baf8de90825e377097cc280fffa115b","1-317a7bc2f9f321e9bd5217f9402b29837e25ef5f176d866c6686c6d6eb0aa953","0-7ca53263feff2f60f61aac02fee9dfee5a127bec4cbae3f8490dc09ba677d7fe","root.record.ItemExhibitList.P5Item.CostElementCategoryList.Software.Recurring.CostElementList.CostElement.ManufacturerList.Manufacturer.HistoryPlanningList.HistoryPlanning"
"2011-05","636","2014-BASE_PROCUREMENT-2014-DEFENSE_CBDP-PROCUREMENT_JustificationBook_Chemical_and_Biological_Defense_Program_PB_2014.zzz_unzipped-PROCUREMENT_JustificationBook_Chemical_and_Biological_Defense_Program_PB_2014.xml","97d306f3e37f2906a5001bc7c82dbaa23baf8de90825e377097cc280fffa115b","2-b9bf8d66c3856f5efa735a070d0cd55b1b2498f765b0972fc66a5378c5d4fb03","0-7ca53263feff2f60f61aac02fee9dfee5a127bec4cbae3f8490dc09ba677d7fe","root.record.ItemExhibitList.P5Item.CostElementCategoryList.Software.Recurring.CostElementList.CostElement.ManufacturerList.Manufacturer.HistoryPlanningList.HistoryPlanning"
"2011-06","635","2014-BASE_PROCUREMENT-2014-DEFENSE_CBDP-PROCUREMENT_JustificationBook_Chemical_and_Biological_Defense_Program_PB_2014.zzz_unzipped-PROCUREMENT_JustificationBook_Chemical_and_Biological_Defense_Program_PB_2014.xml","97d306f3e37f2906a5001bc7c82dbaa23baf8de90825e377097cc280fffa115b","3-598a2568af4487a1d957e9579ffbe53078366e9d64095f691077d7349575ff70","0-7ca53263feff2f60f61aac02fee9dfee5a127bec4cbae3f8490dc09ba677d7fe","root.record.ItemExhibitList.P5Item.CostElementCategoryList.Software.Recurring.CostElementList.CostElement.ManufacturerList.Manufacturer.HistoryPlanningList.HistoryPlanning"
"2011-07","636","2014-BASE_PROCUREMENT-2014-DEFENSE_CBDP-PROCUREMENT_JustificationBook_Chemical_and_Biological_Defense_Program_PB_2014.zzz_unzipped-PROCUREMENT_JustificationBook_Chemical_and_Biological_Defense_Program_PB_2014.xml","97d306f3e37f2906a5001bc7c82dbaa23baf8de90825e377097cc280fffa115b","4-84eee0ad7efcab98decd1f5cab36b721c9a920a84d756d625ebdc460aeaf0fdf","0-7ca53263feff2f60f61aac02fee9dfee5a127bec4cbae3f8490dc09ba677d7fe","root.record.ItemExhibitList.P5Item.CostElementCategoryList.Software.Recurring.CostElementList.CostElement.ManufacturerList.Manufacturer.HistoryPlanningList.HistoryPlanning"
"2011-08","635","2014-BASE_PROCUREMENT-2014-DEFENSE_CBDP-PROCUREMENT_JustificationBook_Chemical_and_Biological_Defense_Program_PB_2014.zzz_unzipped-PROCUREMENT_JustificationBook_Chemical_and_Biological_Defense_Program_PB_2014.xml","97d306f3e37f2906a5001bc7c82dbaa23baf8de90825e377097cc280fffa115b","5-1f1c03ed51780191f9638afad88b0a04e12b6c1611e639de2ab6173123555a74","0-7ca53263feff2f60f61aac02fee9dfee5a127bec4cbae3f8490dc09ba677d7fe","root.record.ItemExhibitList.P5Item.CostElementCategoryList.Software.Recurring.CostElementList.CostElement.ManufacturerList.Manufacturer.HistoryPlanningList.HistoryPlanning"
"2011-09","636","2014-BASE_PROCUREMENT-2014-DEFENSE_CBDP-PROCUREMENT_JustificationBook_Chemical_and_Biological_Defense_Program_PB_2014.zzz_unzipped-PROCUREMENT_JustificationBook_Chemical_and_Biological_Defense_Program_PB_2014.xml","97d306f3e37f2906a5001bc7c82dbaa23baf8de90825e377097cc280fffa115b","6-467d35b2cb0cf006173cd38e30fbec6b263994280d8125ded46c4553763a1809","0-7ca53263feff2f60f61aac02fee9dfee5a127bec4cbae3f8490dc09ba677d7fe","root.record.ItemExhibitList.P5Item.CostElementCategoryList.Software.Recurring.CostElementList.CostElement.ManufacturerList.Manufacturer.HistoryPlanningList.HistoryPlanning"
"2011-10","635","2014-BASE_PROCUREMENT-2014-DEFENSE_CBDP-PROCUREMENT_JustificationBook_Chemical_and_Biological_Defense_Program_PB_2014.zzz_unzipped-PROCUREMENT_JustificationBook_Chemical_and_Biological_Defense_Program_PB_2014.xml","97d306f3e37f2906a5001bc7c82dbaa23baf8de90825e377097cc280fffa115b","7-48a7afe45383b4ca4690a07b77bf8aeb29860bdbabe51314bc8855ecec32792c","0-7ca53263feff2f60f61aac02fee9dfee5a127bec4cbae3f8490dc09ba677d7fe","root.record.ItemExhibitList.P5Item.CostElementCategoryList.Software.Recurring.CostElementList.CostElement.ManufacturerList.Manufacturer.HistoryPlanningList.HistoryPlanning"
"2011-11","636","2014-BASE_PROCUREMENT-2014-DEFENSE_CBDP-PROCUREMENT_JustificationBook_Chemical_and_Biological_Defense_Program_PB_2014.zzz_unzipped-PROCUREMENT_JustificationBook_Chemical_and_Biological_Defense_Program_PB_2014.xml","97d306f3e37f2906a5001bc7c82dbaa23baf8de90825e377097cc280fffa115b","8-159a25fa48bd4e1359f1f3c0c0bd88ff5439dbd27fe29eb55a01ff653aa63e45","0-7ca53263feff2f60f61aac02fee9dfee5a127bec4cbae3f8490dc09ba677d7fe","root.record.ItemExhibitList.P5Item.CostElementCategoryList.Software.Recurring.CostElementList.CostElement.ManufacturerList.Manufacturer.HistoryPlanningList.HistoryPlanning"
"2011-12","634","2014-BASE_PROCUREMENT-2014-DEFENSE_CBDP-PROCUREMENT_JustificationBook_Chemical_and_Biological_Defense_Program_PB_2014.zzz_unzipped-PROCUREMENT_JustificationBook_Chemical_and_Biological_Defense_Program_PB_2014.xml","97d306f3e37f2906a5001bc7c82dbaa23baf8de90825e377097cc280fffa115b","9-443fdfdc3ae9484c4d1ca5c9a10c2036130574e975c5d84fe674ebb8a75ea55a","0-7ca53263feff2f60f61aac02fee9dfee5a127bec4cbae3f8490dc09ba677d7fe","root.record.ItemExhibitList.P5Item.CostElementCategoryList.Software.Recurring.CostElementList.CostElement.ManufacturerList.Manufacturer.HistoryPlanningList.HistoryPlanning"
"2011-09","800","2014-BASE_PROCUREMENT-2014-DEFENSE_VOL1-PROCUREMENT_MasterJustificationBook_Defense-Wide_PB_2014.zzz_unzipped-PROCUREMENT_MasterJustificationBook_Defense-Wide_PB_2014.xml","2dc8b319e28774b8158e551f3de9ff70b9908792cce30b426a07033c4ab4c58f","0-d49bb8e3ac4fe32931fba9373c61dc38f323f91b367c92aecdfbbaccd6f53fe2","0-52570f4556795887a419932dee6c7222d2805b3fe4603a74ed21ef9d37a0cb2a","root.record.ItemExhibitList.P5Item.CostElementCategoryList.Software.Recurring.CostElementList.CostElement.ManufacturerList.Manufacturer.HistoryPlanningList.HistoryPlanning"
"2011-10","800","2014-BASE_PROCUREMENT-2014-DEFENSE_VOL1-PROCUREMENT_MasterJustificationBook_Defense-Wide_PB_2014.zzz_unzipped-PROCUREMENT_MasterJustificationBook_Defense-Wide_PB_2014.xml","2dc8b319e28774b8158e551f3de9ff70b9908792cce30b426a07033c4ab4c58f","1-12e99e10e1d993445e13a28f64986a823fa7b2a7c4ff8b4cd01f4f89b561a5a3","0-52570f4556795887a419932dee6c7222d2805b3fe4603a74ed21ef9d37a0cb2a","root.record.ItemExhibitList.P5Item.CostElementCategoryList.Software.Recurring.CostElementList.CostElement.ManufacturerList.Manufacturer.HistoryPlanningList.HistoryPlanning"
"2011-11","800","2014-BASE_PROCUREMENT-2014-DEFENSE_VOL1-PROCUREMENT_MasterJustificationBook_Defense-Wide_PB_2014.zzz_unzipped-PROCUREMENT_MasterJustificationBook_Defense-Wide_PB_2014.xml","2dc8b319e28774b8158e551f3de9ff70b9908792cce30b426a07033c4ab4c58f","2-642f0ba59fc917326a8ada2589ac91360687d71c4f6b961b783a777e7f80d88e","0-52570f4556795887a419932dee6c7222d2805b3fe4603a74ed21ef9d37a0cb2a","root.record.ItemExhibitList.P5Item.CostElementCategoryList.Software.Recurring.CostElementList.CostElement.ManufacturerList.Manufacturer.HistoryPlanningList.HistoryPlanning"
"2011-12","800","2014-BASE_PROCUREMENT-2014-DEFENSE_VOL1-PROCUREMENT_MasterJustificationBook_Defense-Wide_PB_2014.zzz_unzipped-PROCUREMENT_MasterJustificationBook_Defense-Wide_PB_2014.xml","2dc8b319e28774b8158e551f3de9ff70b9908792cce30b426a07033c4ab4c58f","3-1041aae11b377f4d94e02045cd00c4620f560d7133993457d0b2cedfebeb7d52","0-52570f4556795887a419932dee6c7222d2805b3fe4603a74ed21ef9d37a0cb2a","root.record.ItemExhibitList.P5Item.CostElementCategoryList.Software.Recurring.CostElementList.CostElement.ManufacturerList.Manufacturer.HistoryPlanningList.HistoryPlanning"
"2012-01","800","2014-BASE_PROCUREMENT-2014-DEFENSE_VOL1-PROCUREMENT_MasterJustificationBook_Defense-Wide_PB_2014.zzz_unzipped-PROCUREMENT_MasterJustificationBook_Defense-Wide_PB_2014.xml","2dc8b319e28774b8158e551f3de9ff70b9908792cce30b426a07033c4ab4c58f","4-0b193b9cbea7e90a0410514878085c39cef58c05ee1eb00d5f4be07e36325fda","0-52570f4556795887a419932dee6c7222d2805b3fe4603a74ed21ef9d37a0cb2a","root.record.ItemExhibitList.P5Item.CostElementCategoryList.Software.Recurring.CostElementList.CostElement.ManufacturerList.Manufacturer.HistoryPlanningList.HistoryPlanning"
"2012-05","1000","2014-BASE_PROCUREMENT-2014-DEFENSE_VOL1-PROCUREMENT_MasterJustificationBook_Defense-Wide_PB_2014.zzz_unzipped-PROCUREMENT_MasterJustificationBook_Defense-Wide_PB_2014.xml","2dc8b319e28774b8158e551f3de9ff70b9908792cce30b426a07033c4ab4c58f","0-cf7ee3b35c1fb96a6093e25faacf08363f7ded3163d9be1cfd6eb0d20677d3df","1-508cdafa07674db05cb7f8cb7fa8643b284ced7b25b1103a63e0c5e856afacfd","root.record.ItemExhibitList.P5Item.CostElementCategoryList.Software.Recurring.CostElementList.CostElement.ManufacturerList.Manufacturer.HistoryPlanningList.HistoryPlanning"
"2012-06","1000","2014-BASE_PROCUREMENT-2014-DEFENSE_VOL1-PROCUREMENT_MasterJustificationBook_Defense-Wide_PB_2014.zzz_unzipped-PROCUREMENT_MasterJustificationBook_Defense-Wide_PB_2014.xml","2dc8b319e28774b8158e551f3de9ff70b9908792cce30b426a07033c4ab4c58f","1-613b6a61a41d524bceafdfd25dfaa2e6508f36a80131f41c1bcf09c7e85c618d","1-508cdafa07674db05cb7f8cb7fa8643b284ced7b25b1103a63e0c5e856afacfd","root.record.ItemExhibitList.P5Item.CostElementCategoryList.Software.Recurring.CostElementList.CostElement.ManufacturerList.Manufacturer.HistoryPlanningList.HistoryPlanning"
"2012-07","1000","2014-BASE_PROCUREMENT-2014-DEFENSE_VOL1-PROCUREMENT_MasterJustificationBook_Defense-Wide_PB_2014.zzz_unzipped-PROCUREMENT_MasterJustificationBook_Defense-Wide_PB_2014.xml","2dc8b319e28774b8158e551f3de9ff70b9908792cce30b426a07033c4ab4c58f","2-cf3cc3bf9c778bbd0362433013c26328df6568310acaec6f7f163e33ff2ad203","1-508cdafa07674db05cb7f8cb7fa8643b284ced7b25b1103a63e0c5e856afacfd","root.record.ItemExhibitList.P5Item.CostElementCategoryList.Software.Recurring.CostElementList.CostElement.ManufacturerList.Manufacturer.HistoryPlanningList.HistoryPlanning"
"2012-08","1000","2014-BASE_PROCUREMENT-2014-DEFENSE_VOL1-PROCUREMENT_MasterJustificationBook_Defense-Wide_PB_2014.zzz_unzipped-PROCUREMENT_MasterJustificationBook_Defense-Wide_PB_2014.xml","2dc8b319e28774b8158e551f3de9ff70b9908792cce30b426a07033c4ab4c58f","3-d381d1b99f4e4cc2d17a3130e31b220aed687baa9e7b25840d1e4fa26b08af29","1-508cdafa07674db05cb7f8cb7fa8643b284ced7b25b1103a63e0c5e856afacfd","root.record.ItemExhibitList.P5Item.CostElementCategoryList.Software.Recurring.CostElementList.CostElement.ManufacturerList.Manufacturer.HistoryPlanningList.HistoryPlanning"
"2012-09","1000","2014-BASE_PROCUREMENT-2014-DEFENSE_VOL1-PROCUREMENT_MasterJustificationBook_Defense-Wide_PB_2014.zzz_unzipped-PROCUREMENT_MasterJustificationBook_Defense-Wide_PB_2014.xml","2dc8b319e28774b8158e551f3de9ff70b9908792cce30b426a07033c4ab4c58f","4-2565de582c9af85314db687b11f8e02106fbca0432afee20b180b84629d74441","1-508cdafa07674db05cb7f8cb7fa8643b284ced7b25b1103a63e0c5e856afacfd","root.record.ItemExhibitList.P5Item.CostElementCategoryList.Software.Recurring.CostElementList.CostElement.ManufacturerList.Manufacturer.HistoryPlanningList.HistoryPlanning"
"2013-03","1000","2014-BASE_PROCUREMENT-2014-DEFENSE_VOL1-PROCUREMENT_MasterJustificationBook_Defense-Wide_PB_2014.zzz_unzipped-PROCUREMENT_MasterJustificationBook_Defense-Wide_PB_2014.xml","2dc8b319e28774b8158e551f3de9ff70b9908792cce30b426a07033c4ab4c58f","0-43dd791e45b837a32eff6ebc78566752bdcd38a7d006f25c1f252659199dfd0a","2-0fe0758b5e47036f6b9311ee0b94d5d76facf419517b84f9dc7f9da66d08604d","root.record.ItemExhibitList.P5Item.CostElementCategoryList.Software.Recurring.CostElementList.CostElement.ManufacturerList.Manufacturer.HistoryPlanningList.HistoryPlanning"
"2013-04","1000","2014-BASE_PROCUREMENT-2014-DEFENSE_VOL1-PROCUREMENT_MasterJustificationBook_Defense-Wide_PB_2014.zzz_unzipped-PROCUREMENT_MasterJustificationBook_Defense-Wide_PB_2014.xml","2dc8b319e28774b8158e551f3de9ff70b9908792cce30b426a07033c4ab4c58f","1-7475b675533088cecec3cc2d7afc5c650febb4b03626787c5272763e3df01cb0","2-0fe0758b5e47036f6b9311ee0b94d5d76facf419517b84f9dc7f9da66d08604d","root.record.ItemExhibitList.P5Item.CostElementCategoryList.Software.Recurring.CostElementList.CostElement.ManufacturerList.Manufacturer.HistoryPlanningList.HistoryPlanning"
"2013-05","1000","2014-BASE_PROCUREMENT-2014-DEFENSE_VOL1-PROCUREMENT_MasterJustificationBook_Defense-Wide_PB_2014.zzz_unzipped-PROCUREMENT_MasterJustificationBook_Defense-Wide_PB_2014.xml","2dc8b319e28774b8158e551f3de9ff70b9908792cce30b426a07033c4ab4c58f","2-5818434ed1529fd7d399b18f5883d66dae41508dd819c98c26d48793a5d0907e","2-0fe0758b5e47036f6b9311ee0b94d5d76facf419517b84f9dc7f9da66d08604d","root.record.ItemExhibitList.P5Item.CostElementCategoryList.Software.Recurring.CostElementList.CostElement.ManufacturerList.Manufacturer.HistoryPlanningList.HistoryPlanning"
"2013-06","1000","2014-BASE_PROCUREMENT-2014-DEFENSE_VOL1-PROCUREMENT_MasterJustificationBook_Defense-Wide_PB_2014.zzz_unzipped-PROCUREMENT_MasterJustificationBook_Defense-Wide_PB_2014.xml","2dc8b319e28774b8158e551f3de9ff70b9908792cce30b426a07033c4ab4c58f","3-0d4700bd12437820da0ee720b32b137d1efd18a397d4b89cb54876da31b96e65","2-0fe0758b5e47036f6b9311ee0b94d5d76facf419517b84f9dc7f9da66d08604d","root.record.ItemExhibitList.P5Item.CostElementCategoryList.Software.Recurring.CostElementList.CostElement.ManufacturerList.Manufacturer.HistoryPlanningList.HistoryPlanning"
"2013-07","1000","2014-BASE_PROCUREMENT-2014-DEFENSE_VOL1-PROCUREMENT_MasterJustificationBook_Defense-Wide_PB_2014.zzz_unzipped-PROCUREMENT_MasterJustificationBook_Defense-Wide_PB_2014.xml","2dc8b319e28774b8158e551f3de9ff70b9908792cce30b426a07033c4ab4c58f","4-a36eea08934a686bc5de269e4f6a15acfaf4821f1be9449b14dc5dd1be091ada","2-0fe0758b5e47036f6b9311ee0b94d5d76facf419517b84f9dc7f9da66d08604d","root.record.ItemExhibitList.P5Item.CostElementCategoryList.Software.Recurring.CostElementList.CostElement.ManufacturerList.Manufacturer.HistoryPlanningList.HistoryPlanning"
"2011-03","1246","2014-BASE_PROCUREMENT-2014-DEFENSE_VOL1-PROCUREMENT_MasterJustificationBook_Defense-Wide_PB_2014.zzz_unzipped-PROCUREMENT_MasterJustificationBook_Defense-Wide_PB_2014.xml","2dc8b319e28774b8158e551f3de9ff70b9908792cce30b426a07033c4ab4c58f","0-4de4cf8d4c80881d27e34510256bbcc96010f4dec2349e7f2cb0373acf621732","0-e22f0a18362b5c462525f94bb8832dea6ee62a500b39ee35facf8b4bc5429356","root.record.ItemExhibitList.P5Item.CostElementCategoryList.Software.Recurring.CostElementList.CostElement.ManufacturerList.Manufacturer.HistoryPlanningList.HistoryPlanning"
"2011-04","635","2014-BASE_PROCUREMENT-2014-DEFENSE_VOL1-PROCUREMENT_MasterJustificationBook_Defense-Wide_PB_2014.zzz_unzipped-PROCUREMENT_MasterJustificationBook_Defense-Wide_PB_2014.xml","2dc8b319e28774b8158e551f3de9ff70b9908792cce30b426a07033c4ab4c58f","1-db74bd7131965b75732d56c85ab03f18ba41074948b12a60a9dcfc045227d50b","0-e22f0a18362b5c462525f94bb8832dea6ee62a500b39ee35facf8b4bc5429356","root.record.ItemExhibitList.P5Item.CostElementCategoryList.Software.Recurring.CostElementList.CostElement.ManufacturerList.Manufacturer.HistoryPlanningList.HistoryPlanning"
"2011-05","636","2014-BASE_PROCUREMENT-2014-DEFENSE_VOL1-PROCUREMENT_MasterJustificationBook_Defense-Wide_PB_2014.zzz_unzipped-PROCUREMENT_MasterJustificationBook_Defense-Wide_PB_2014.xml","2dc8b319e28774b8158e551f3de9ff70b9908792cce30b426a07033c4ab4c58f","2-d78f65b7056296716e4f19b1383e0934175d005757dbeda47760d5972f6f7c7b","0-e22f0a18362b5c462525f94bb8832dea6ee62a500b39ee35facf8b4bc5429356","root.record.ItemExhibitList.P5Item.CostElementCategoryList.Software.Recurring.CostElementList.CostElement.ManufacturerList.Manufacturer.HistoryPlanningList.HistoryPlanning"
"2011-06","635","2014-BASE_PROCUREMENT-2014-DEFENSE_VOL1-PROCUREMENT_MasterJustificationBook_Defense-Wide_PB_2014.zzz_unzipped-PROCUREMENT_MasterJustificationBook_Defense-Wide_PB_2014.xml","2dc8b319e28774b8158e551f3de9ff70b9908792cce30b426a07033c4ab4c58f","3-23ead62c36d10ea6336f8163383fb70b2ea8bee052b728fe1967da7948b2988f","0-e22f0a18362b5c462525f94bb8832dea6ee62a500b39ee35facf8b4bc5429356","root.record.ItemExhibitList.P5Item.CostElementCategoryList.Software.Recurring.CostElementList.CostElement.ManufacturerList.Manufacturer.HistoryPlanningList.HistoryPlanning"
"2011-07","636","2014-BASE_PROCUREMENT-2014-DEFENSE_VOL1-PROCUREMENT_MasterJustificationBook_Defense-Wide_PB_2014.zzz_unzipped-PROCUREMENT_MasterJustificationBook_Defense-Wide_PB_2014.xml","2dc8b319e28774b8158e551f3de9ff70b9908792cce30b426a07033c4ab4c58f","4-f186b7d0e47992f45884be0e9d33c244877d677b8bea0e972a6d6f7574823260","0-e22f0a18362b5c462525f94bb8832dea6ee62a500b39ee35facf8b4bc5429356","root.record.ItemExhibitList.P5Item.CostElementCategoryList.Software.Recurring.CostElementList.CostElement.ManufacturerList.Manufacturer.HistoryPlanningList.HistoryPlanning"
"2011-08","635","2014-BASE_PROCUREMENT-2014-DEFENSE_VOL1-PROCUREMENT_MasterJustificationBook_Defense-Wide_PB_2014.zzz_unzipped-PROCUREMENT_MasterJustificationBook_Defense-Wide_PB_2014.xml","2dc8b319e28774b8158e551f3de9ff70b9908792cce30b426a07033c4ab4c58f","5-033ed4f72b3001e0d0b033582c2290d1dc65e4ba2feace5280bae6c0138182ff","0-e22f0a18362b5c462525f94bb8832dea6ee62a500b39ee35facf8b4bc5429356","root.record.ItemExhibitList.P5Item.CostElementCategoryList.Software.Recurring.CostElementList.CostElement.ManufacturerList.Manufacturer.HistoryPlanningList.HistoryPlanning"
"2011-09","636","2014-BASE_PROCUREMENT-2014-DEFENSE_VOL1-PROCUREMENT_MasterJustificationBook_Defense-Wide_PB_2014.zzz_unzipped-PROCUREMENT_MasterJustificationBook_Defense-Wide_PB_2014.xml","2dc8b319e28774b8158e551f3de9ff70b9908792cce30b426a07033c4ab4c58f","6-5078fce1a1ae2d950603b48ae02a74ba38a22f2e34bdf3fe8934ce1c68b1906e","0-e22f0a18362b5c462525f94bb8832dea6ee62a500b39ee35facf8b4bc5429356","root.record.ItemExhibitList.P5Item.CostElementCategoryList.Software.Recurring.CostElementList.CostElement.ManufacturerList.Manufacturer.HistoryPlanningList.HistoryPlanning"
"2011-10","635","2014-BASE_PROCUREMENT-2014-DEFENSE_VOL1-PROCUREMENT_MasterJustificationBook_Defense-Wide_PB_2014.zzz_unzipped-PROCUREMENT_MasterJustificationBook_Defense-Wide_PB_2014.xml","2dc8b319e28774b8158e551f3de9ff70b9908792cce30b426a07033c4ab4c58f","7-a7003df175ce99fc2773446fa9e9345b6e18e9691a53a8357deb170ecc9c8c34","0-e22f0a18362b5c462525f94bb8832dea6ee62a500b39ee35facf8b4bc5429356","root.record.ItemExhibitList.P5Item.CostElementCategoryList.Software.Recurring.CostElementList.CostElement.ManufacturerList.Manufacturer.HistoryPlanningList.HistoryPlanning"
"2011-11","636","2014-BASE_PROCUREMENT-2014-DEFENSE_VOL1-PROCUREMENT_MasterJustificationBook_Defense-Wide_PB_2014.zzz_unzipped-PROCUREMENT_MasterJustificationBook_Defense-Wide_PB_2014.xml","2dc8b319e28774b8158e551f3de9ff70b9908792cce30b426a07033c4ab4c58f","8-f20cf7c8d0847044ec20a217594e41171bde24dda3b1d25a8d7eff849a34c9ca","0-e22f0a18362b5c462525f94bb8832dea6ee62a500b39ee35facf8b4bc5429356","root.record.ItemExhibitList.P5Item.CostElementCategoryList.Software.Recurring.CostElementList.CostElement.ManufacturerList.Manufacturer.HistoryPlanningList.HistoryPlanning"
"2011-12","634","2014-BASE_PROCUREMENT-2014-DEFENSE_VOL1-PROCUREMENT_MasterJustificationBook_Defense-Wide_PB_2014.zzz_unzipped-PROCUREMENT_MasterJustificationBook_Defense-Wide_PB_2014.xml","2dc8b319e28774b8158e551f3de9ff70b9908792cce30b426a07033c4ab4c58f","9-6da4e3c59e8ba1730ef8f08f5a8e0a0d31ab8ff76d464dba5e449d9c2d31bff6","0-e22f0a18362b5c462525f94bb8832dea6ee62a500b39ee35facf8b4bc5429356","root.record.ItemExhibitList.P5Item.CostElementCategoryList.Software.Recurring.CostElementList.CostElement.ManufacturerList.Manufacturer.HistoryPlanningList.HistoryPlanning"
"2016-07","1.000","2017-BASE_PROCUREMENT-2017-ARMY_OTHER_3-4-U_PROCUREMENT_JustificationBook_Army_PB_2017.zzz_unzipped-U_PROCUREMENT_JustificationBook_Army_PB_2017.xml","99fdf12344ddbe14e1ebbcb6290f9a4143355b155574f258b5b758209b883288","0-201555c543dee0125382ff2db6d5f69251b93dc2d2edb108babb330f59c2a6c4","0-5b17163fb177213551ac639621ab88f75d553a8b65763a64405f364e55a0156d","root.record.ItemExhibitList.P5Item.CostElementCategoryList.Software.Recurring.CostElementList.CostElement.ManufacturerList.Manufacturer.HistoryPlanningList.HistoryPlanning"
"2017-01","1.000","2017-BASE_PROCUREMENT-2017-ARMY_OTHER_3-4-U_PROCUREMENT_JustificationBook_Army_PB_2017.zzz_unzipped-U_PROCUREMENT_JustificationBook_Army_PB_2017.xml","99fdf12344ddbe14e1ebbcb6290f9a4143355b155574f258b5b758209b883288","1-ee6cd4b787fe708f931802de2b6ae71c8e56f8886ab1f915d2eeea1fda39c6ac","0-5b17163fb177213551ac639621ab88f75d553a8b65763a64405f364e55a0156d","root.record.ItemExhibitList.P5Item.CostElementCategoryList.Software.Recurring.CostElementList.CostElement.ManufacturerList.Manufacturer.HistoryPlanningList.HistoryPlanning"
"2017-07","1.000","2017-BASE_PROCUREMENT-2017-ARMY_OTHER_3-4-U_PROCUREMENT_JustificationBook_Army_PB_2017.zzz_unzipped-U_PROCUREMENT_JustificationBook_Army_PB_2017.xml","99fdf12344ddbe14e1ebbcb6290f9a4143355b155574f258b5b758209b883288","0-076141b19ddbcdc5b49d99efdc1deb37da003f0c3f4dfee88e085665681a5989","1-c3ad409b48f12d5aac4d2a057fb0e0b43f7d00e283a2fcd210b39807d832c4fb","root.record.ItemExhibitList.P5Item.CostElementCategoryList.Software.Recurring.CostElementList.CostElement.ManufacturerList.Manufacturer.HistoryPlanningList.HistoryPlanning"
"2018-01","1.000","2017-BASE_PROCUREMENT-2017-ARMY_OTHER_3-4-U_PROCUREMENT_JustificationBook_Army_PB_2017.zzz_unzipped-U_PROCUREMENT_JustificationBook_Army_PB_2017.xml","99fdf12344ddbe14e1ebbcb6290f9a4143355b155574f258b5b758209b883288","1-e60c825e532656142d8af4598fa8d4f1f1754b2d44bbd0da0729c9829d3e4bb0","1-c3ad409b48f12d5aac4d2a057fb0e0b43f7d00e283a2fcd210b39807d832c4fb","root.record.ItemExhibitList.P5Item.CostElementCategoryList.Software.Recurring.CostElementList.CostElement.ManufacturerList.Manufacturer.HistoryPlanningList.HistoryPlanning"
"2017-09","619","2019-BASE_PROCUREMENT-2019-AIRFORCE_OTHER-U_PROCUREMENT_JustificationBook_Air_Force_PB_2019.zzz_unzipped-U_PROCUREMENT_JustificationBook_Air_Force_PB_2019.xml","cfe39698d6a55296019381ae6433583029de5e5830566a5d01d614d183d01876","0-4db1fc9b6208eff2156d22db9dfe52cbf05199bbd87e420f9f5b18c5db00e9d8","0-597aab575cada5563dea61035547fe50736eccdbb3489aedcf10c225ea05c2f4","root.record.ItemExhibitList.P5Item.CostElementCategoryList.Software.Recurring.CostElementList.CostElement.ManufacturerList.Manufacturer.HistoryPlanningList.HistoryPlanning"
"2018-09","392","2019-BASE_PROCUREMENT-2019-AIRFORCE_OTHER-U_PROCUREMENT_JustificationBook_Air_Force_PB_2019.zzz_unzipped-U_PROCUREMENT_JustificationBook_Air_Force_PB_2019.xml","cfe39698d6a55296019381ae6433583029de5e5830566a5d01d614d183d01876","0-4ca5fbf626cf7ace6dd301ba96f9cfb42cacc430e44a36d99041601b8ae12270","1-38b920a7b34c3495222495cb2ad23dd5bc62956068f07df4f66d845b1b4c2ce7","root.record.ItemExhibitList.P5Item.CostElementCategoryList.Software.Recurring.CostElementList.CostElement.ManufacturerList.Manufacturer.HistoryPlanningList.HistoryPlanning"
"2019-09","348","2019-BASE_PROCUREMENT-2019-AIRFORCE_OTHER-U_PROCUREMENT_JustificationBook_Air_Force_PB_2019.zzz_unzipped-U_PROCUREMENT_JustificationBook_Air_Force_PB_2019.xml","cfe39698d6a55296019381ae6433583029de5e5830566a5d01d614d183d01876","0-6fc7ff87b88e1d1cbddc7bcfb6194cc7e472d367028517a0cb7bd80bdff89f30","2-3d3c0bcf7366b3a639671a1a20458c41e614f6454ed98ccc9c178ac8388d18eb","root.record.ItemExhibitList.P5Item.CostElementCategoryList.Software.Recurring.CostElementList.CostElement.ManufacturerList.Manufacturer.HistoryPlanningList.HistoryPlanning"
"2017-09","619","2019-BASE_PROCUREMENT-2019-AIRFORCE_OTHER-U_PROCUREMENT_MasterJustificationBook_Air_Force_PB_2019.zzz_unzipped-U_PROCUREMENT_MasterJustificationBook_Air_Force_PB_2019.xml","53cb469a7481a4b0f0732b4848d7b1f8bc62be3d4a4eb7fdf65b19b837eb91e9","0-160a0ea8bf65a7c8e3604b6c546b874d4f22d0c170336479b81907ca9d1c767c","0-f36e7a5c4162ffec7e3e25f4589061a3c7faacb897655f6b6f9797e87da63d30","root.record.ItemExhibitList.P5Item.CostElementCategoryList.Software.Recurring.CostElementList.CostElement.ManufacturerList.Manufacturer.HistoryPlanningList.HistoryPlanning"
"2018-09","392","2019-BASE_PROCUREMENT-2019-AIRFORCE_OTHER-U_PROCUREMENT_MasterJustificationBook_Air_Force_PB_2019.zzz_unzipped-U_PROCUREMENT_MasterJustificationBook_Air_Force_PB_2019.xml","53cb469a7481a4b0f0732b4848d7b1f8bc62be3d4a4eb7fdf65b19b837eb91e9","0-d3edf0ced9599753ed0744ce46fc34360378c37e8822c6f3cd4b218d7f54ab6d","1-4f100815b60d5163d7bc5bb465431b9d3e780fcd542f0bc7edd766c629d041cc","root.record.ItemExhibitList.P5Item.CostElementCategoryList.Software.Recurring.CostElementList.CostElement.ManufacturerList.Manufacturer.HistoryPlanningList.HistoryPlanning"
"2019-09","348","2019-BASE_PROCUREMENT-2019-AIRFORCE_OTHER-U_PROCUREMENT_MasterJustificationBook_Air_Force_PB_2019.zzz_unzipped-U_PROCUREMENT_MasterJustificationBook_Air_Force_PB_2019.xml","53cb469a7481a4b0f0732b4848d7b1f8bc62be3d4a4eb7fdf65b19b837eb91e9","0-8d207faee66d35a531999a68c743a2dd0a05d30af7258745e7ce5a6a596d8121","2-bc42b2b59094d92e2e56e130a4829a67e9cdc4760c99b7350c3ae11a8e90c5e6","root.record.ItemExhibitList.P5Item.CostElementCategoryList.Software.Recurring.CostElementList.CostElement.ManufacturerList.Manufacturer.HistoryPlanningList.HistoryPlanning"
"2019-09","4","2019-BASE_PROCUREMENT-2019-DEFENSE_MDA_VOL2-U_PROCUREMENT_JustificationBook_Missile_Defense_Agency_PB_2019.zzz_unzipped-U_PROCUREMENT_JustificationBook_Missile_Defense_Agency_PB_2019.xml","568f548e819829b5205b06245c99d48b9002f708e64d476785be99123517dea9","0-2c66c15d213e8e621cb04e6c9639ad073f20768a4867dec7d776ec6ffe3a1ed7","0-09473cd39abe6194c6da84f7eabb539f95fe9a528fbf67fbd43248a3ca8ebf3a","root.record.ItemExhibitList.P5Item.CostElementCategoryList.Software.Recurring.CostElementList.CostElement.ManufacturerList.Manufacturer.HistoryPlanningList.HistoryPlanning"
"2019-09","4","2019-BASE_PROCUREMENT-2019-DEFENSE_MDA_VOL2-U_PROCUREMENT_MasterJustificationBook_Missile_Defense_Agency_PB_2019.zzz_unzipped-U_PROCUREMENT_MasterJustificationBook_Missile_Defense_Agency_PB_2019.xml","3a41a1803fb3037bb8ed95019778694c84e8bb76559ae5c01da1664b202c5952","0-3df8eb05538674ccf0d3469abab04730483c9c8ebe4d2e5e5589a9a5ce01dea6","0-2c258e1e042984d8f4bfae5a29d48f4681406e08e2ef5823878b8a2044fa8d9e","root.record.ItemExhibitList.P5Item.CostElementCategoryList.Software.Recurring.CostElementList.CostElement.ManufacturerList.Manufacturer.HistoryPlanningList.HistoryPlanning"
"2019-09","4","2020-BASE_PROCUREMENT-2020-DEFENSE_MDA_VOL2-U_PROCUREMENT_JustificationBook_Missile_Defense_Agency_PB_2020.zzz_unzipped-U_PROCUREMENT_JustificationBook_Missile_Defense_Agency_PB_2020.xml","1edd7d06c1a5b5d118e1ea68939509603cebaea49d05f047d35d1435d180edf5","0-e267b78653016d8f70f0daacb8d2b2d7785b74260809c25c07e473d047a403bd","0-7ece2789e1104760be8eb30a9051878eb126ed1388c4de77b46301f054e4a0df","root.record.ItemExhibitList.P5Item.CostElementCategoryList.Software.Recurring.CostElementList.CostElement.ManufacturerList.Manufacturer.HistoryPlanningList.HistoryPlanning"
"2020-09","8","2020-BASE_PROCUREMENT-2020-DEFENSE_MDA_VOL2-U_PROCUREMENT_JustificationBook_Missile_Defense_Agency_PB_2020.zzz_unzipped-U_PROCUREMENT_JustificationBook_Missile_Defense_Agency_PB_2020.xml","1edd7d06c1a5b5d118e1ea68939509603cebaea49d05f047d35d1435d180edf5","0-3110b00f5b5640aa4b23a7fcbdfedd872599618812df8a0e0fcf7374bec22f61","0-420896dfb4f6c61fa38478e8d482f4fb072a99fb9ddb47f7f5a05655eef0f81f","root.record.ItemExhibitList.P5Item.CostElementCategoryList.Software.Recurring.CostElementList.CostElement.ManufacturerList.Manufacturer.HistoryPlanningList.HistoryPlanning"
"2019-09","4","2020-BASE_PROCUREMENT-2020-DEFENSE_MDA_VOL2-U_PROCUREMENT_MasterJustificationBook_Missile_Defense_Agency_PB_2020.zzz_unzipped-U_PROCUREMENT_MasterJustificationBook_Missile_Defense_Agency_PB_2020.xml","b2983f9844c9cb3db4e8232e934f8102a93cca0f16cff5af771498996690520b","0-2c82cb7c33c7e952210b19da902fcb62eb84790ee4c14c08b8650f59e85f0c55","0-b698ffcae35756a870b1874f45cca7a9e34839f4e8808f1556dce4c88ca16368","root.record.ItemExhibitList.P5Item.CostElementCategoryList.Software.Recurring.CostElementList.CostElement.ManufacturerList.Manufacturer.HistoryPlanningList.HistoryPlanning"
"2020-09","8","2020-BASE_PROCUREMENT-2020-DEFENSE_MDA_VOL2-U_PROCUREMENT_MasterJustificationBook_Missile_Defense_Agency_PB_2020.zzz_unzipped-U_PROCUREMENT_MasterJustificationBook_Missile_Defense_Agency_PB_2020.xml","b2983f9844c9cb3db4e8232e934f8102a93cca0f16cff5af771498996690520b","0-d9827fbcf650d8412cc84b7e8082371520985e42b2c87c001ef18b1a685a801d","0-735a02092cfeb24d0f64407ea85dbf8f65f1a85e2d72bf52456d31648c65e404","root.record.ItemExhibitList.P5Item.CostElementCategoryList.Software.Recurring.CostElementList.CostElement.ManufacturerList.Manufacturer.HistoryPlanningList.HistoryPlanning"
