Name_val,Cost_AllPriorYears_TotalCost_val,Cost_PriorYear_TotalCost_val,Cost_CurrentYear_TotalCost_val,Cost_BudgetYearOneBase_TotalCost_val,Cost_BudgetYearOne_TotalCost_val,Cost_BudgetYearTwo_TotalCost_val,Cost_BudgetYearThree_TotalCost_val,Cost_BudgetYearFour_TotalCost_val,Cost_BudgetYearFive_TotalCost_val,Cost_ToComplete_TotalCost_val,Cost_Total_TotalCost_val,@SOURCE_FILENAME,@RECORDID,@ROWID,@PARENTROWID,@PARENT
"WGS B2FO Checkout & Launch/Launch Readiness","0.000","0.000","11.015","13.478","13.478","17.546","27.453","21.512","11.955","5.847","108.806","2014-BASE_PROCUREMENT-2014-AIRFORCE_MISSILE-PROCUREMENT_JustificationBook_Air_Force_PB_2014.zzz_unzipped-PROCUREMENT_JustificationBook_Air_Force_PB_2014.xml","6f7004931a2c572e5c1ca34b2a6a0b59973b39b72e8056443b59ec9d80c3d834","0-7f18dc023a628b04008549974f6ab987b3932cac396134c0645d22626fb8cf29","0-b36e04fc7808f02e41cb1668cc971553620e775642a2ace10d0216a15e6cbc89","root.record.ItemExhibitList.P5Item.CostElementCategoryList.Support.CostElementList.CostElement"
"WGS B2FO Storage, Reactivation and Transport","0.000","0.000","0.000","0.000","0.000","21.104","21.844","25","25.37","0.000","93.318","2014-BASE_PROCUREMENT-2014-AIRFORCE_MISSILE-PROCUREMENT_JustificationBook_Air_Force_PB_2014.zzz_unzipped-PROCUREMENT_JustificationBook_Air_Force_PB_2014.xml","6f7004931a2c572e5c1ca34b2a6a0b59973b39b72e8056443b59ec9d80c3d834","1-557a5a03526152f154b019f04cd84fbcb1818e61cba38d3c3940998842456c1a","0-b36e04fc7808f02e41cb1668cc971553620e775642a2ace10d0216a15e6cbc89","root.record.ItemExhibitList.P5Item.CostElementCategoryList.Support.CostElementList.CostElement"
"Command & Control System - Consolidated (CCS-C) WGS B2FO support","0.000","0.000","0.000","10.361","10.361","11.134","7.883","10.136","2.755","0.000","42.269","2014-BASE_PROCUREMENT-2014-AIRFORCE_MISSILE-PROCUREMENT_JustificationBook_Air_Force_PB_2014.zzz_unzipped-PROCUREMENT_JustificationBook_Air_Force_PB_2014.xml","6f7004931a2c572e5c1ca34b2a6a0b59973b39b72e8056443b59ec9d80c3d834","2-8791c28c949309f10b02da94cdefabd5245599499ca9210eb12660cd2e36a32d","0-b36e04fc7808f02e41cb1668cc971553620e775642a2ace10d0216a15e6cbc89","root.record.ItemExhibitList.P5Item.CostElementCategoryList.Support.CostElementList.CostElement"
"WGS B2FO Checkout & Launch/Launch Readiness","0.000","0.000","11.015","13.478","13.478","17.546","27.453","21.512","11.955","5.847","108.806","2014-BASE_PROCUREMENT-2014-AIRFORCE_MISSILE-PROCUREMENT_MasterJustificationBook_Air_Force_PB_2014.zzz_unzipped-PROCUREMENT_MasterJustificationBook_Air_Force_PB_2014.xml","857f76317de3d25c3a255ca950be3c392ca814f92ecf378112cc41701d842fbc","0-6da0aece294b9a74d9a65a6a4a2ca5713ff75d7a049894b7425e7c66fa7166a7","0-18706009efb55c2ea01216e2d9c8bc1b70ba26ab285275c45c7717b8d5af806c","root.record.ItemExhibitList.P5Item.CostElementCategoryList.Support.CostElementList.CostElement"
"WGS B2FO Storage, Reactivation and Transport","0.000","0.000","0.000","0.000","0.000","21.104","21.844","25","25.37","0.000","93.318","2014-BASE_PROCUREMENT-2014-AIRFORCE_MISSILE-PROCUREMENT_MasterJustificationBook_Air_Force_PB_2014.zzz_unzipped-PROCUREMENT_MasterJustificationBook_Air_Force_PB_2014.xml","857f76317de3d25c3a255ca950be3c392ca814f92ecf378112cc41701d842fbc","1-2e53ce44e1befdd32a9207ca0b13cadaf8ba8cda8e2a3886d27c9ad92c6f95f8","0-18706009efb55c2ea01216e2d9c8bc1b70ba26ab285275c45c7717b8d5af806c","root.record.ItemExhibitList.P5Item.CostElementCategoryList.Support.CostElementList.CostElement"
"Command & Control System - Consolidated (CCS-C) WGS B2FO support","0.000","0.000","0.000","10.361","10.361","11.134","7.883","10.136","2.755","0.000","42.269","2014-BASE_PROCUREMENT-2014-AIRFORCE_MISSILE-PROCUREMENT_MasterJustificationBook_Air_Force_PB_2014.zzz_unzipped-PROCUREMENT_MasterJustificationBook_Air_Force_PB_2014.xml","857f76317de3d25c3a255ca950be3c392ca814f92ecf378112cc41701d842fbc","2-82ba87d8450f28f8479c06c72bceec2d45001564cadc24b6542d6c08b2b69686","0-18706009efb55c2ea01216e2d9c8bc1b70ba26ab285275c45c7717b8d5af806c","root.record.ItemExhibitList.P5Item.CostElementCategoryList.Support.CostElementList.CostElement"
