Name_val,Cost_AllPriorYears_TotalCost_val,Cost_PriorYear_TotalCost_val,Cost_CurrentYear_TotalCost_val,Cost_BudgetYearOneBase_TotalCost_val,Cost_BudgetYearOne_TotalCost_val,Cost_BudgetYearTwo_TotalCost_val,Cost_BudgetYearThree_TotalCost_val,Cost_BudgetYearFour_TotalCost_val,Cost_BudgetYearFive_TotalCost_val,Cost_ToComplete_TotalCost_val,Cost_Total_TotalCost_val,@SOURCE_FILENAME,@RECORDID,@ROWID,@PARENTROWID,@PARENT
"WGS B2FO Checkout & Launch/Launch Readiness","0.000","0.000","11.015","13.478","13.478","17.546","27.453","21.512","11.955","5.847","108.806","2014-BASE_PROCUREMENT-2014-AIRFORCE_MISSILE-PROCUREMENT_JustificationBook_Air_Force_PB_2014.zzz_unzipped-PROCUREMENT_JustificationBook_Air_Force_PB_2014.xml","6f7004931a2c572e5c1ca34b2a6a0b59973b39b72e8056443b59ec9d80c3d834","0-e3749f4f8a8812d11880cd0c84d1291abbdd849b2aaaebc26ef88b56a2a8a8f1","0-265ff7815483913f93dc1e083e8678b08b87992489277c4fb9075fc4ed3e0656","root.record.ItemExhibitList.P5Item.CostElementCategoryList.Support.CostElementList.CostElement"
"WGS B2FO Storage, Reactivation and Transport","0.000","0.000","0.000","0.000","0.000","21.104","21.844","25","25.37","0.000","93.318","2014-BASE_PROCUREMENT-2014-AIRFORCE_MISSILE-PROCUREMENT_JustificationBook_Air_Force_PB_2014.zzz_unzipped-PROCUREMENT_JustificationBook_Air_Force_PB_2014.xml","6f7004931a2c572e5c1ca34b2a6a0b59973b39b72e8056443b59ec9d80c3d834","1-9d3192f60841103b24d96fa86fc48120c0c92b1e4f570ece44de836f34db9581","0-265ff7815483913f93dc1e083e8678b08b87992489277c4fb9075fc4ed3e0656","root.record.ItemExhibitList.P5Item.CostElementCategoryList.Support.CostElementList.CostElement"
"Command & Control System - Consolidated (CCS-C) WGS B2FO support","0.000","0.000","0.000","10.361","10.361","11.134","7.883","10.136","2.755","0.000","42.269","2014-BASE_PROCUREMENT-2014-AIRFORCE_MISSILE-PROCUREMENT_JustificationBook_Air_Force_PB_2014.zzz_unzipped-PROCUREMENT_JustificationBook_Air_Force_PB_2014.xml","6f7004931a2c572e5c1ca34b2a6a0b59973b39b72e8056443b59ec9d80c3d834","2-6c9df3d1cca6e9b962735e3652cb629f2ac9da2eac03a986cb208d0b7364653a","0-265ff7815483913f93dc1e083e8678b08b87992489277c4fb9075fc4ed3e0656","root.record.ItemExhibitList.P5Item.CostElementCategoryList.Support.CostElementList.CostElement"
"WGS B2FO Checkout & Launch/Launch Readiness","0.000","0.000","11.015","13.478","13.478","17.546","27.453","21.512","11.955","5.847","108.806","2014-BASE_PROCUREMENT-2014-AIRFORCE_MISSILE-PROCUREMENT_MasterJustificationBook_Air_Force_PB_2014.zzz_unzipped-PROCUREMENT_MasterJustificationBook_Air_Force_PB_2014.xml","857f76317de3d25c3a255ca950be3c392ca814f92ecf378112cc41701d842fbc","0-7cf32a3194bb8944e9a22ec3acddd7709830e6b4d5e8da5048b6eb3e0f8d820e","0-3f4a866c969889aa89815a91887dd4142389cf8c50612e1f91411d5c97a130e5","root.record.ItemExhibitList.P5Item.CostElementCategoryList.Support.CostElementList.CostElement"
"WGS B2FO Storage, Reactivation and Transport","0.000","0.000","0.000","0.000","0.000","21.104","21.844","25","25.37","0.000","93.318","2014-BASE_PROCUREMENT-2014-AIRFORCE_MISSILE-PROCUREMENT_MasterJustificationBook_Air_Force_PB_2014.zzz_unzipped-PROCUREMENT_MasterJustificationBook_Air_Force_PB_2014.xml","857f76317de3d25c3a255ca950be3c392ca814f92ecf378112cc41701d842fbc","1-d69cf6eda7289c4d7679fe1326a16ece5513e7c095e5eaf782b3a563b5d6cac3","0-3f4a866c969889aa89815a91887dd4142389cf8c50612e1f91411d5c97a130e5","root.record.ItemExhibitList.P5Item.CostElementCategoryList.Support.CostElementList.CostElement"
"Command & Control System - Consolidated (CCS-C) WGS B2FO support","0.000","0.000","0.000","10.361","10.361","11.134","7.883","10.136","2.755","0.000","42.269","2014-BASE_PROCUREMENT-2014-AIRFORCE_MISSILE-PROCUREMENT_MasterJustificationBook_Air_Force_PB_2014.zzz_unzipped-PROCUREMENT_MasterJustificationBook_Air_Force_PB_2014.xml","857f76317de3d25c3a255ca950be3c392ca814f92ecf378112cc41701d842fbc","2-3b26e7961c4e9594fe6102a877f7829cc5077cbeceae14d6868955a638ca3d0f","0-3f4a866c969889aa89815a91887dd4142389cf8c50612e1f91411d5c97a130e5","root.record.ItemExhibitList.P5Item.CostElementCategoryList.Support.CostElementList.CostElement"
